StartDate,EndDate,Status,IPAddress,Progress,Duration (in seconds),Finished,RecordedDate,ResponseId,RecipientLastName,RecipientFirstName,RecipientEmail,ExternalReference,LocationLatitude,LocationLongitude,DistributionChannel,UserLanguage,C1.1_1,C1.1_2,C1.1_3,C1.1_4,C1.2_1,C1.2_2,C1.2_3,C1.2_4,C1.3_1,C1.3_2,C1.3_3,C1.3_4,C1.4_1,C1.4_2,C1.4_3,C1.4_4,C1.5_1,C1.5_2,C1.5_3,C1.5_4,C1.6_1,C1.6_2,C1.6_3,C1.6_4,C1.7_1,C1.7_2,C1.7_3,C1.7_4,C1.8_1,C1.8_2,C1.8_3,C1.8_4,C1.9_1,C1.9_2,C1.9_3,C1.9_4,C2.1_1,C2.1_2,C2.1_3,C2.1_4,C2.2_1,C2.2_2,C2.2_3,C2.2_4,C2.3_1,C2.3_2,C2.3_3,C2.3_4,C2.4_1,C2.4_2,C2.4_3,C2.4_4,C2.5_1,C2.5_2,C2.5_3,C2.5_4,C2.6_1,C2.6_2,C2.6_3,C2.6_4,C2.7_1,C2.7_2,C2.7_3,C2.7_4,C2.8_1,C2.8_2,C2.8_3,C2.8_4,C2.9_1,C2.9_2,C2.9_3,C2.9_4,C3.1_1,C3.1_2,C3.1_3,C3.1_4,C3.1_5,C3.1_6,C3.1_7,C3.1_8,C3.1_9,C3.1_10,C3.1_11,C3.1_12,C3.2_1,C3.2_2,C3.2_3,C3.2_4,C3.2_5,C3.2_6,C3.2_7,C3.2_8,C3.2_9,C3.2_10,C3.2_11,C3.2_12,C3.3_1,C3.3_2,C3.3_3,C3.3_4,C3.3_5,C3.3_6,C3.3_7,C3.3_8,C3.3_9,C3.3_10,C3.3_11,C3.3_12,C4.1_1,C4.1_2,C4.1_3,C4.1_4,C4.1_5,C4.1_6,C4.1_7,C4.1_8,C4.1_9,C4.1_10,C4.1_11,C4.1_12,C4.2_1,C4.2_2,C4.2_3,C4.2_4,C4.2_5,C4.2_6,C4.2_7,C4.2_8,C4.2_9,C4.2_10,C4.2_11,C4.2_12,C4.3_1,C4.3_2,C4.3_3,C4.3_4,C4.3_5,C4.3_6,C4.3_7,C4.3_8,C4.3_9,C4.3_10,C4.3_11,C4.3_12,Q28,Q25,Q49,Q29,SC0
Start Date,End Date,Response Type,IP Address,Progress,Duration (in seconds),Finished,Recorded Date,Response ID,Recipient Last Name,Recipient First Name,Recipient Email,External Data Reference,Location Latitude,Location Longitude,Distribution Channel,User Language,C1.1 - I enjoy thinking about work even when I’m not at work.,"C1.1 - Most days, I feel happiest when the workday is soon to be complete.",C1.1 - I am happiest when I am immersed in a project.,C1.1 - I love starting my workday.,C1.2 - I enjoy spending time completing my job tasks.,C1.2 - Most days I feel enthusiastic about starting my work day.,C1.2 - I feel motivated to go beyond what is asked of me.,C1.2 - This job drains my energy.,C1.3 - I am proud to be a member of this organization.,C1.3 - I feel supported by my supervisor when I fail at a task.,C1.3 - I feel proud of my accomplishments within this organization.,C1.3 - My job makes me feel like I’m part of something meaningful.,C1.4 - I devote more time than is expected of me.,C1.4 - I have to be reminded to take breaks while I’m at work.,C1.4 - I never miss a work deadline.,C1.4 - I never allow distractions to interfere with my work.,C1.5 - When work is slow I find ways to be productive.,C1.5 - I express enthusiasm for my job while at work.,C1.5 - I try my best to perform well at work.,"C1.5 - If I notice my energy level is low, I take corrective steps to re-energize.",C1.6 - I make valued contributions to the organization.,C1.6 - I embrace challenging situations at work.,C1.6 - I speak positively about this organization to others.,C1.6 - This organization provides the resources necessary for me to successfully perform my job.,C1.7 - I devote my full attention to my work tasks throughout the day.,C1.7 - Thinking about work saps my energy.,C1.7 - I would rather direct my focus toward a work task than a personal task.,C1.7 - I’m able to maintain good levels of energy throughout the workday.,C1.8 - I plan my future with this company.,C1.8 - I believe this company cares about my career goals.,C1.8 - I often think about finding another job.,C1.8 - This organization challenges me to work at my full potential.,C1.9 - I’m able to concentrate on my work without distractions.,C1.9 - I have a hard time detaching mentally from my work.,C1.9 - Time passes quickly while I’m working.,C1.9 - I find it difficult to mentally disconnect from work.,C2.1 - I’m able to concentrate on my work without distractions.,C2.1 - I have a hard time detaching mentally from my work.,C2.1 - Time passes quickly while I’m working.,C2.1 - I find it difficult to mentally disconnect from work.,C2.2 - I devote more time than is expected of me.,C2.2 - I have to be reminded to take breaks while I’m at work.,C2.2 - I never miss a work deadline.,C2.2 - I never allow distractions to interfere with my work.,C2.3 - I enjoy thinking about work even when I’m not at work.,"C2.3 - Most days, I feel happiest when the workday is soon to be complete.",C2.3 - I am happiest when I am immersed in a project.,C2.3 - I love starting my workday.,C2.4 - I devote my full attention to my work tasks throughout the day.,C2.4 - Thinking about work saps my energy.,C2.4 - I would rather direct my focus toward a work task than a personal task.,C2.4 - I’m able to maintain good levels of energy throughout the workday.,C2.5 - I enjoy spending time completing my job tasks.,C2.5 - Most days I feel enthusiastic about starting my work day.,C2.5 - I feel motivated to go beyond what is asked of me.,C2.5 - This job drains my energy.,C2.6 - When work is slow I find ways to be productive.,C2.6 - I express enthusiasm for my job while at work.,C2.6 - I try my best to perform well at work.,"C2.6 - If I notice my energy level is low, I take corrective steps to re-energize.",C2.7 - I plan my future with this company.,C2.7 - I believe this company cares about my career goals.,C2.7 - I often think about finding another job.,C2.7 - This organization challenges me to work at my full potential.,C2.8 - I am proud to be a member of this organization.,C2.8 - I feel supported by my supervisor when I fail at a task.,C2.8 - I feel proud of my accomplishments within this organization.,C2.8 - My job makes me feel like I’m part of something meaningful.,C2.9 - I make valued contributions to the organization.,C2.9 - I embrace challenging situations at work.,C2.9 - I speak positively about this organization to others.,C2.9 - This organization provides the resources necessary for me to successfully perform my job.,C3.1 - I’m able to concentrate on my work without distractions.,C3.1 - I have a hard time detaching mentally from my work.,C3.1 - Time passes quickly while I’m working.,C3.1 - I find it difficult to mentally disconnect from work.,C3.1 - I enjoy thinking about work even when I’m not at work.,"C3.1 - Most days, I feel happiest when the workday is soon to be complete.",C3.1 - I am happiest when I am immersed in a project.,C3.1 - I love starting my workday.,C3.1 - I devote more time than is expected of me.,C3.1 - I have to be reminded to take breaks while I’m at work.,C3.1 - I never miss a work deadline.,C3.1 - I never allow distractions to interfere with my work.,C3.2 - I devote my full attention to my work tasks throughout the day.,C3.2 - Thinking about work saps my energy.,C3.2 - I would rather direct my focus toward a work task than a personal task.,C3.2 - I’m able to maintain good levels of energy throughout the workday.,C3.2 - I enjoy spending time completing my job tasks.,C3.2 - Most days I feel enthusiastic about starting my work day.,C3.2 - I feel motivated to go beyond what is asked of me.,C3.2 - This job drains my energy.,C3.2 - When work is slow I find ways to be productive.,C3.2 - I express enthusiasm for my job while at work.,C3.2 - I try my best to perform well at work.,"C3.2 - If I notice my energy level is low, I take corrective steps to re-energize.",C3.3 - I plan my future with this company.,C3.3 - I believe this company cares about my career goals.,C3.3 - I often think about finding another job.,C3.3 - This organization challenges me to work at my full potential.,C3.3 - I am proud to be a member of this organization.,C3.3 - I feel supported by my supervisor when I fail at a task.,C3.3 - I feel proud of my accomplishments within this organization.,C3.3 - My job makes me feel like I’m part of something meaningful.,C3.3 - I make valued contributions to the organization.,C3.3 - I embrace challenging situations at work.,C3.3 - I speak positively about this organization to others.,C3.3 - This organization provides the resources necessary for me to successfully perform my job.,C4.1 - I’m able to concentrate on my work without distractions.,C4.1 - I have a hard time detaching mentally from my work.,C4.1 - Time passes quickly while I’m working.,C4.1 - I find it difficult to mentally disconnect from work.,C4.1 - I devote my full attention to my work tasks throughout the day.,C4.1 - Thinking about work saps my energy.,C4.1 - I would rather direct my focus toward a work task than a personal task.,C4.1 - I’m able to maintain good levels of energy throughout the workday.,C4.1 - I plan my future with this company.,C4.1 - I believe this company cares about my career goals.,C4.1 - I often think about finding another job.,C4.1 - This organization challenges me to work at my full potential.,C4.2 - I enjoy thinking about work even when I’m not at work.,"C4.2 - Most days, I feel happiest when the workday is soon to be complete.",C4.2 - I am happiest when I am immersed in a project.,C4.2 - I love starting my workday.,C4.2 - I enjoy spending time completing my job tasks.,C4.2 - Most days I feel enthusiastic about starting my work day.,C4.2 - I feel motivated to go beyond what is asked of me.,C4.2 - This job drains my energy.,C4.2 - I am proud to be a member of this organization.,C4.2 - I feel supported by my supervisor when I fail at a task.,C4.2 - I feel proud of my accomplishments within this organization.,C4.2 - My job makes me feel like I’m part of something meaningful.,C4.3 - I devote more time than is expected of me.,C4.3 - I have to be reminded to take breaks while I’m at work.,C4.3 - I never miss a work deadline.,C4.3 - I never allow distractions to interfere with my work.,C4.3 - When work is slow I find ways to be productive.,C4.3 - I express enthusiasm for my job while at work.,C4.3 - I try my best to perform well at work.,"C4.3 - If I notice my energy level is low, I take corrective steps to re-energize.",C4.3 - I make valued contributions to the organization.,C4.3 - I embrace challenging situations at work.,C4.3 - I speak positively about this organization to others.,C4.3 - This organization provides the resources necessary for me to successfully perform my job.,What is the title of the job you were thinking about while responding to this survey?,How many hours do you typically work per week in this job?,How long have you been with this organization?,Any general comments or reactions you'd care to share with the scale development team?,Score
"{""ImportId"":""startDate"",""timeZone"":""America/Denver""}","{""ImportId"":""endDate"",""timeZone"":""America/Denver""}","{""ImportId"":""status""}","{""ImportId"":""ipAddress""}","{""ImportId"":""progress""}","{""ImportId"":""duration""}","{""ImportId"":""finished""}","{""ImportId"":""recordedDate"",""timeZone"":""America/Denver""}","{""ImportId"":""_recordId""}","{""ImportId"":""recipientLastName""}","{""ImportId"":""recipientFirstName""}","{""ImportId"":""recipientEmail""}","{""ImportId"":""externalDataReference""}","{""ImportId"":""locationLatitude""}","{""ImportId"":""locationLongitude""}","{""ImportId"":""distributionChannel""}","{""ImportId"":""userLanguage""}","{""ImportId"":""QID14_42""}","{""ImportId"":""QID14_43""}","{""ImportId"":""QID14_44""}","{""ImportId"":""QID14_45""}","{""ImportId"":""QID38_1""}","{""ImportId"":""QID38_2""}","{""ImportId"":""QID38_3""}","{""ImportId"":""QID38_4""}","{""ImportId"":""QID39_1""}","{""ImportId"":""QID39_2""}","{""ImportId"":""QID39_3""}","{""ImportId"":""QID39_4""}","{""ImportId"":""QID16_28""}","{""ImportId"":""QID16_29""}","{""ImportId"":""QID16_30""}","{""ImportId"":""QID16_31""}","{""ImportId"":""QID41_1""}","{""ImportId"":""QID41_2""}","{""ImportId"":""QID41_3""}","{""ImportId"":""QID41_4""}","{""ImportId"":""QID42_1""}","{""ImportId"":""QID42_2""}","{""ImportId"":""QID42_3""}","{""ImportId"":""QID42_4""}","{""ImportId"":""QID44_1""}","{""ImportId"":""QID44_2""}","{""ImportId"":""QID44_3""}","{""ImportId"":""QID44_5""}","{""ImportId"":""QID45_1""}","{""ImportId"":""QID45_2""}","{""ImportId"":""QID45_3""}","{""ImportId"":""QID45_4""}","{""ImportId"":""QID43_1""}","{""ImportId"":""QID43_2""}","{""ImportId"":""QID43_3""}","{""ImportId"":""QID43_4""}","{""ImportId"":""QID32_28""}","{""ImportId"":""QID32_29""}","{""ImportId"":""QID32_30""}","{""ImportId"":""QID32_31""}","{""ImportId"":""QID48_36""}","{""ImportId"":""QID48_37""}","{""ImportId"":""QID48_38""}","{""ImportId"":""QID48_39""}","{""ImportId"":""QID50_32""}","{""ImportId"":""QID50_33""}","{""ImportId"":""QID50_34""}","{""ImportId"":""QID50_35""}","{""ImportId"":""QID33_28""}","{""ImportId"":""QID33_29""}","{""ImportId"":""QID33_30""}","{""ImportId"":""QID33_31""}","{""ImportId"":""QID51_32""}","{""ImportId"":""QID51_33""}","{""ImportId"":""QID51_34""}","{""ImportId"":""QID51_35""}","{""ImportId"":""QID53_36""}","{""ImportId"":""QID53_37""}","{""ImportId"":""QID53_38""}","{""ImportId"":""QID53_39""}","{""ImportId"":""QID34_28""}","{""ImportId"":""QID34_29""}","{""ImportId"":""QID34_30""}","{""ImportId"":""QID34_31""}","{""ImportId"":""QID54_28""}","{""ImportId"":""QID54_29""}","{""ImportId"":""QID54_30""}","{""ImportId"":""QID54_31""}","{""ImportId"":""QID55_28""}","{""ImportId"":""QID55_29""}","{""ImportId"":""QID55_30""}","{""ImportId"":""QID55_31""}","{""ImportId"":""QID47_28""}","{""ImportId"":""QID47_29""}","{""ImportId"":""QID47_30""}","{""ImportId"":""QID47_31""}","{""ImportId"":""QID47_32""}","{""ImportId"":""QID47_33""}","{""ImportId"":""QID47_34""}","{""ImportId"":""QID47_35""}","{""ImportId"":""QID47_36""}","{""ImportId"":""QID47_37""}","{""ImportId"":""QID47_38""}","{""ImportId"":""QID47_39""}","{""ImportId"":""QID52_28""}","{""ImportId"":""QID52_29""}","{""ImportId"":""QID52_30""}","{""ImportId"":""QID52_31""}","{""ImportId"":""QID52_32""}","{""ImportId"":""QID52_33""}","{""ImportId"":""QID52_34""}","{""ImportId"":""QID52_35""}","{""ImportId"":""QID52_36""}","{""ImportId"":""QID52_37""}","{""ImportId"":""QID52_38""}","{""ImportId"":""QID52_39""}","{""ImportId"":""QID58_28""}","{""ImportId"":""QID58_29""}","{""ImportId"":""QID58_30""}","{""ImportId"":""QID58_31""}","{""ImportId"":""QID58_32""}","{""ImportId"":""QID58_33""}","{""ImportId"":""QID58_34""}","{""ImportId"":""QID58_35""}","{""ImportId"":""QID58_36""}","{""ImportId"":""QID58_37""}","{""ImportId"":""QID58_38""}","{""ImportId"":""QID58_39""}","{""ImportId"":""QID59_1""}","{""ImportId"":""QID59_2""}","{""ImportId"":""QID59_3""}","{""ImportId"":""QID59_4""}","{""ImportId"":""QID59_5""}","{""ImportId"":""QID59_6""}","{""ImportId"":""QID59_7""}","{""ImportId"":""QID59_8""}","{""ImportId"":""QID59_9""}","{""ImportId"":""QID59_10""}","{""ImportId"":""QID59_11""}","{""ImportId"":""QID59_12""}","{""ImportId"":""QID60_1""}","{""ImportId"":""QID60_2""}","{""ImportId"":""QID60_3""}","{""ImportId"":""QID60_4""}","{""ImportId"":""QID60_5""}","{""ImportId"":""QID60_6""}","{""ImportId"":""QID60_7""}","{""ImportId"":""QID60_8""}","{""ImportId"":""QID60_9""}","{""ImportId"":""QID60_10""}","{""ImportId"":""QID60_11""}","{""ImportId"":""QID60_12""}","{""ImportId"":""QID61_1""}","{""ImportId"":""QID61_2""}","{""ImportId"":""QID61_3""}","{""ImportId"":""QID61_4""}","{""ImportId"":""QID61_5""}","{""ImportId"":""QID61_6""}","{""ImportId"":""QID61_7""}","{""ImportId"":""QID61_8""}","{""ImportId"":""QID61_9""}","{""ImportId"":""QID61_10""}","{""ImportId"":""QID61_11""}","{""ImportId"":""QID61_12""}","{""ImportId"":""QID28_TEXT""}","{""ImportId"":""QID25_TEXT""}","{""ImportId"":""QID80_TEXT""}","{""ImportId"":""QID29_TEXT""}","{""ImportId"":""SC_dpcP3aMIajcY9IF""}"
2020-11-15 09:38:28,2020-11-15 09:43:31,IP Address,73.199.36.125,100,303,True,2020-11-15 09:43:31,R_31cj5tSdSxJvqgm,,,,,40.7053070068359375,-74.08660125732421875,anonymous,EN,,,,,,,,,,,,,,,,,,,,,,,,,,,,,,,,,,,,,Slightly Disagree,Slightly Agree,Slightly Agree,Agree,Slightly Agree,Disagree,Strongly Disagree,Disagree,Disagree,Agree,Agree,Slightly Disagree,Disagree,Slightly Agree,Slightly Agree,Disagree,Slightly Agree,Disagree,Slightly Disagree,Slightly Agree,Slightly Agree,Disagree,Slightly Disagree,Disagree,Strongly Disagree,Slightly Disagree,Agree,Slightly Agree,Slightly Agree,,Slightly Disagree,Slightly Agree,Slightly Agree,Agree,Disagree,Slightly Disagree,,,,,,,,,,,,,,,,,,,,,,,,,,,,,,,,,,,,,,,,,,,,,,,,,,,,,,,,,,,,,,,,,,,,,,,,,professor,50,1.5 years,,114
2020-11-15 11:57:52,2020-11-15 12:18:29,IP Address,98.221.131.64,100,1237,True,2020-11-15 12:18:30,R_UbuiaaqowEVZy5b,,,,,40.485595703125,-74.62650299072265625,anonymous,EN,,,,,,,,,,,,,,,,,,,,,,,,,,,,,,,,,,,,,,,,,,,,,,,,,,,,,,,,,,,,,,,,,,,,,,,,,Slightly Agree,Strongly Agree,Strongly Agree,Agree,Strongly Agree,Disagree,Strongly Agree,Strongly Agree,Strongly Agree,Slightly Disagree,Slightly Disagree,Disagree,Slightly Agree,Strongly Disagree,Strongly Agree,Strongly Agree,Strongly Agree,Strongly Agree,Slightly Agree,Slightly Disagree,Slightly Agree,Strongly Agree,Strongly Agree,Slightly Agree,Disagree,Strongly Disagree,Slightly Agree,Disagree,Slightly Disagree,Slightly Agree,Agree,Agree,Agree,Agree,Disagree,Strongly Disagree,,,,,,,,,,,,,,,,,,,,,,,,,,,,,,,,,,,,,,,,,63
2020-11-15 13:05:46,2020-11-15 13:07:39,IP Address,69.122.219.254,100,112,True,2020-11-15 13:07:39,R_BJQjvgG1fRV4fWp,,,,,41.0428924560546875,-74.10040283203125,anonymous,EN,,,,,,,,,,,,,,,,,,,,,,,,,,,,,,,,,,,,,,,,,,,,,,,,,,,,,,,,,,,,,,,,,,,,,,,,,,,,,,,,,,,,,,,,,,,,,,,,,,,,,,,,,,,,,,,,Strongly Agree,,,,,,,,,,,,,,,,,,,,,,,,,,,,,,,,,,,,,0
2020-11-15 19:25:15,2020-11-15 19:29:06,IP Address,100.1.32.237,100,230,True,2020-11-15 19:29:06,R_1nOZE7pdM4OqtUc,,,,,40.85650634765625,-74.12310028076171875,anonymous,EN,,,,,,,,,,,,,,,,,,,,,,,,,,,,,,,,,,,,,Agree,Agree,Agree,Agree,Strongly Agree,Disagree,Strongly Agree,Strongly Agree,Slightly Agree,Agree,Disagree,Slightly Agree,Agree,Slightly Disagree,Disagree,Agree,Slightly Agree,Disagree,Agree,Agree,Strongly Agree,Agree,Strongly Agree,Slightly Disagree,Disagree,Slightly Agree,Slightly Agree,Slightly Agree,Agree,Agree,Strongly Agree,Agree,Agree,Strongly Agree,Agree,Agree,,,,,,,,,,,,,,,,,,,,,,,,,,,,,,,,,,,,,,,,,,,,,,,,,,,,,,,,,,,,,,,,,,,,,,,,,psychology extern,10-16,3 years,,120
2020-11-15 19:26:06,2020-11-15 19:30:26,IP Address,174.225.13.49,100,260,True,2020-11-15 19:30:27,R_V2RAFM3zD5zoloZ,,,,,40.8022003173828125,-74.19139862060546875,anonymous,EN,Slightly Disagree,Slightly Agree,Agree,Slightly Disagree,Agree,Agree,Agree,Slightly Disagree,Strongly Agree,Agree,Agree,Agree,Agree,Agree,Strongly Agree,Slightly Agree,Agree,Agree,Strongly Agree,Slightly Disagree,Agree,Agree,Slightly Agree,Strongly Agree,Slightly Agree,Disagree,Agree,Slightly Disagree,Slightly Agree,Strongly Agree,Disagree,Agree,Slightly Agree,Slightly Agree,Slightly Agree,Slightly Agree,,,,,,,,,,,,,,,,,,,,,,,,,,,,,,,,,,,,,,,,,,,,,,,,,,,,,,,,,,,,,,,,,,,,,,,,,,,,,,,,,,,,,,,,,,,,,,,,,,,,,,,,,,,,,"Professional development associate ",55,"6 months ",,142
2020-11-15 19:40:10,2020-11-15 19:44:11,IP Address,76.117.30.149,100,240,True,2020-11-15 19:44:11,R_WDkzGtM9iXqHWaR,,,,,40.7718048095703125,-74.20980072021484375,anonymous,EN,,,,,,,,,,,,,,,,,,,,,,,,,,,,,,,,,,,,,,,,,,,,,,,,,,,,,,,,,,,,,,,,,,,,,,,,,,,,,,,,,,,,,,,,,,,,,,,,,,,,,,,,,,,,,Slightly Disagree,Agree,Slightly Agree,Agree,Slightly Agree,Slightly Agree,Slightly Disagree,Slightly Agree,Agree,Strongly Agree,Disagree,Slightly Agree,Slightly Agree,Agree,Agree,Agree,Agree,Slightly Agree,Agree,Disagree,Agree,Strongly Agree,Agree,Agree,Strongly Agree,Strongly Agree,Agree,Slightly Disagree,Agree,Agree,Strongly Agree,Slightly Disagree,Agree,Agree,Strongly Agree,Agree,"Associate ",48,"2 years ","I took this with perspective from my current job which has half taken place during a pandemic and working from home. That being said, normally I wouldn’t have responded that I had so many distractions but working from home is full of distractions and unusual circumstances. ",129
2020-11-15 22:17:30,2020-11-15 22:26:21,IP Address,69.122.4.50,100,531,True,2020-11-15 22:26:22,R_xeYZZDK2eh65TNv,,,,,40.961395263671875,-74.75240325927734375,anonymous,EN,,,,,,,,,,,,,,,,,,,,,,,,,,,,,,,,,,,,,,,,,,,,,,,,,,,,,,,,,,,,,,,,,,,,,,,,,Agree,Strongly Agree,Slightly Agree,Strongly Agree,Strongly Disagree,Strongly Agree,Agree,Disagree,Strongly Agree,Slightly Agree,Strongly Agree,Agree,Slightly Agree,Agree,Disagree,Slightly Disagree,Slightly Disagree,Strongly Disagree,Agree,Agree,Slightly Agree,Slightly Disagree,Strongly Agree,Slightly Agree,Agree,Slightly Agree,Strongly Agree,Slightly Disagree,Agree,Agree,Strongly Agree,Slightly Disagree,Slightly Agree,Slightly Agree,Agree,Strongly Agree,,,,,,,,,,,,,,,,,,,,,,,,,,,,,,,,,,,,,Online Banking Service and Support,45,8 years,,80
2020-11-15 22:29:00,2020-11-15 22:31:50,IP Address,73.195.1.7,100,170,True,2020-11-15 22:31:51,R_DAA3GcG9DFzmEKd,,,,,40.390899658203125,-74.11530303955078125,anonymous,EN,,,,,,,,,,,,,,,,,,,,,,,,,,,,,,,,,,,,,Agree,Slightly Agree,Agree,Slightly Agree,Slightly Agree,Slightly Disagree,Strongly Agree,Agree,Strongly Disagree,Strongly Agree,Agree,Slightly Disagree,Slightly Agree,Agree,Slightly Disagree,Slightly Agree,Slightly Agree,Disagree,Agree,Strongly Agree,Slightly Agree,Slightly Agree,Agree,Slightly Disagree,Disagree,Slightly Disagree,Strongly Agree,Slightly Agree,Agree,Agree,Agree,Slightly Agree,Agree,Slightly Agree,Strongly Agree,Agree,,,,,,,,,,,,,,,,,,,,,,,,,,,,,,,,,,,,,,,,,,,,,,,,,,,,,,,,,,,,,,,,,,,,,,,,,"Store Manager ",30-40,3 years,,124
2020-11-16 05:06:09,2020-11-16 05:10:33,IP Address,175.141.82.167,100,264,True,2020-11-16 05:10:33,R_3F4BgWU696fR0oQ,,,,,3.0081024169921875,101.77191162109375,anonymous,EN,,,,,,,,,,,,,,,,,,,,,,,,,,,,,,,,,,,,,,,,,,,,,,,,,,,,,,,,,,,,,,,,,,,,,,,,,,,,,,,,,,,,,,,,,,,,,,,,,,,,,,,,,,,,,Disagree,Slightly Agree,Agree,Agree,Slightly Agree,Slightly Agree,Slightly Disagree,Slightly Agree,Slightly Agree,Agree,Slightly Agree,Strongly Agree,Slightly Agree,Agree,Slightly Agree,Slightly Agree,Slightly Agree,Slightly Disagree,Slightly Agree,Agree,Slightly Disagree,Agree,Slightly Disagree,Slightly Agree,Strongly Agree,Agree,Disagree,Disagree,Slightly Agree,Slightly Agree,Slightly Agree,Slightly Agree,Slightly Agree,Agree,Slightly Disagree,Slightly Disagree,Senior Consultant,60hr,3years,,132
2020-11-16 05:15:01,2020-11-16 05:22:18,IP Address,172.58.83.93,100,437,True,2020-11-16 05:22:18,R_25MVRnZwzJVmYrN,,,,,45.0001068115234375,-93.098602294921875,anonymous,EN,Slightly Agree,Agree,Slightly Agree,Slightly Disagree,Agree,Slightly Agree,Agree,Slightly Agree,Agree,Slightly Agree,Agree,Agree,Agree,Agree,Slightly Disagree,Disagree,Slightly Agree,Agree,Agree,Slightly Agree,Agree,Agree,Agree,Slightly Agree,Slightly Agree,Slightly Agree,Slightly Disagree,Slightly Agree,Agree,Agree,Slightly Agree,Agree,Slightly Agree,Agree,Agree,Agree,,,,,,,,,,,,,,,,,,,,,,,,,,,,,,,,,,,,,,,,,,,,,,,,,,,,,,,,,,,,,,,,,,,,,,,,,,,,,,,,,,,,,,,,,,,,,,,,,,,,,,,,,,,,,VP of Business Intelligence,60,7 years,I would answer differently if it wasn't wfh during covid,158
2020-11-16 05:32:45,2020-11-16 05:35:45,IP Address,97.84.29.67,100,179,True,2020-11-16 05:35:45,R_23fvpKrLkvdY8Bl,,,,,33.5886993408203125,-86.7649993896484375,anonymous,EN,,,,,,,,,,,,,,,,,,,,,,,,,,,,,,,,,,,,,,,,,,,,,,,,,,,,,,,,,,,,,,,,,,,,,,,,,,,,,,,,,,,,,,,,,,,,,,,,,,,,,,,,,,,,,Slightly Disagree,Slightly Agree,Strongly Disagree,Agree,Disagree,Strongly Agree,Strongly Disagree,Disagree,Disagree,Strongly Disagree,Strongly Agree,Slightly Disagree,Strongly Disagree,Strongly Agree,Slightly Agree,Strongly Disagree,Slightly Disagree,Strongly Disagree,Disagree,Agree,Disagree,Slightly Disagree,Slightly Agree,Disagree,Agree,Disagree,Agree,Slightly Disagree,Strongly Disagree,Disagree,Slightly Agree,Slightly Disagree,Strongly Agree,Slightly Agree,Strongly Disagree,Slightly Agree,HR Specialist,45,4 years,,86
2020-11-16 05:53:54,2020-11-16 05:58:24,IP Address,74.102.60.80,100,270,True,2020-11-16 05:58:25,R_2ru755sm5bvTLEe,,,,,40.94769287109375,-74.06719970703125,anonymous,EN,,,,,,,,,,,,,,,,,,,,,,,,,,,,,,,,,,,,,,,,,,,,,,,,,,,,,,,,,,,,,,,,,,,,,,,,,Agree,Slightly Agree,Strongly Agree,Slightly Disagree,Agree,Agree,Agree,Strongly Agree,Agree,Disagree,Agree,Slightly Disagree,Agree,Disagree,Slightly Agree,Strongly Agree,Agree,Agree,Agree,Slightly Agree,Agree,Slightly Agree,Agree,Slightly Agree,Strongly Agree,Agree,Strongly Disagree,Agree,Strongly Agree,Agree,Strongly Agree,Strongly Agree,Strongly Agree,Agree,Agree,Agree,,,,,,,,,,,,,,,,,,,,,,,,,,,,,,,,,,,,,Special Agent - criminal investigator,60,15 years,,81
2020-11-16 05:59:56,2020-11-16 06:03:24,IP Address,107.117.200.132,100,207,True,2020-11-16 06:03:24,R_8ptCVlPE8K7AoPD,,,,,42.4557037353515625,-83.65419769287109375,anonymous,EN,,,,,,,,,,,,,,,,,,,,,,,,,,,,,,,,,,,,,Agree,Slightly Agree,Agree,Slightly Agree,Strongly Agree,Agree,Agree,Slightly Agree,Strongly Disagree,Agree,Slightly Agree,Slightly Agree,Agree,Disagree,Slightly Disagree,Strongly Agree,Agree,Slightly Agree,Strongly Agree,Disagree,Strongly Agree,Agree,Strongly Agree,Agree,Strongly Agree,Strongly Agree,Strongly Disagree,Strongly Agree,Strongly Agree,Strongly Agree,Strongly Agree,Strongly Agree,Strongly Agree,Strongly Agree,Strongly Agree,Strongly Agree,,,,,,,,,,,,,,,,,,,,,,,,,,,,,,,,,,,,,,,,,,,,,,,,,,,,,,,,,,,,,,,,,,,,,,,,,Talent acquisition manager,40/50,2 years,,78
2020-11-16 06:17:42,2020-11-16 06:22:43,IP Address,73.198.179.101,100,301,True,2020-11-16 06:22:43,R_2S2BT5MrYBxqnHv,,,,,40.8022003173828125,-74.19139862060546875,anonymous,EN,Slightly Disagree,Slightly Agree,Agree,Slightly Agree,Agree,Agree,Agree,Slightly Disagree,Agree,Agree,Strongly Agree,Agree,Strongly Agree,Slightly Disagree,Strongly Agree,Disagree,Strongly Agree,Agree,Strongly Agree,Agree,Strongly Agree,Strongly Agree,Agree,Strongly Agree,Agree,Disagree,Strongly Disagree,Agree,Agree,Strongly Agree,Disagree,Strongly Agree,Strongly Agree,Slightly Disagree,Agree,Slightly Disagree,,,,,,,,,,,,,,,,,,,,,,,,,,,,,,,,,,,,,,,,,,,,,,,,,,,,,,,,,,,,,,,,,,,,,,,,,,,,,,,,,,,,,,,,,,,,,,,,,,,,,,,,,,,,,Senior Analyst,45,2.5 years,,118
2020-11-16 06:22:14,2020-11-16 06:27:37,IP Address,73.248.102.198,100,323,True,2020-11-16 06:27:37,R_1JFwaKBr0Fr7IgW,,,,,39.6649932861328125,-74.97100067138671875,anonymous,EN,,,,,,,,,,,,,,,,,,,,,,,,,,,,,,,,,,,,,Strongly Disagree,Slightly Disagree,Agree,Disagree,Slightly Disagree,Disagree,Slightly Disagree,Disagree,Disagree,Strongly Agree,Slightly Disagree,Slightly Disagree,Strongly Disagree,Agree,Strongly Disagree,Slightly Disagree,Disagree,Disagree,Disagree,Slightly Agree,Strongly Disagree,Slightly Agree,Slightly Agree,Strongly Disagree,Disagree,Disagree,Strongly Agree,Disagree,Agree,Strongly Agree,Agree,Slightly Agree,Slightly Agree,Agree,Slightly Agree,Strongly Agree,,,,,,,,,,,,,,,,,,,,,,,,,,,,,,,,,,,,,,,,,,,,,,,,,,,,,,,,,,,,,,,,,,,,,,,,,Management Consultant,45,1.5 years,I am proud of my job because of others’ perceptions of it - not because I enjoy the actual work I do.,92
2020-11-16 06:10:18,2020-11-16 06:31:07,IP Address,172.58.236.200,100,1249,True,2020-11-16 06:31:08,R_uzaCuBue05a9dXX,,,,,40.76409912109375,-74.16539764404296875,anonymous,EN,,,,,,,,,,,,,,,,,,,,,,,,,,,,,,,,,,,,,,,,,,,,,,,,,,,,,,,,,,,,,,,,,,,,,,,,,,,,,,,,,,,,,,,,,,,,,,,,,,,,,,,,,,,,,Strongly Agree,Strongly Agree,Agree,Strongly Agree,Strongly Agree,Slightly Agree,Slightly Disagree,Agree,Agree,Slightly Disagree,Disagree,Strongly Agree,Slightly Agree,Agree,Slightly Agree,Agree,Slightly Agree,Agree,Slightly Agree,Slightly Agree,Agree,Strongly Disagree,Agree,Agree,Agree,Strongly Agree,Strongly Agree,Slightly Agree,Agree,Strongly Agree,Strongly Agree,Strongly Agree,Agree,Agree,Strongly Agree,Agree,Legal Secretary,35,27,,107
2020-11-16 06:42:28,2020-11-16 06:47:18,IP Address,72.76.224.165,100,289,True,2020-11-16 06:47:18,R_QnPmbJPFV9mCpGh,,,,,39.8018951416015625,-74.52559661865234375,anonymous,EN,,,,,,,,,,,,,,,,,,,,,,,,,,,,,,,,,,,,,Agree,Slightly Agree,Slightly Agree,Slightly Agree,Strongly Agree,Slightly Agree,Agree,Agree,Disagree,Agree,Disagree,Slightly Agree,Agree,Slightly Disagree,Slightly Agree,Agree,Slightly Agree,Slightly Agree,Disagree,Slightly Agree,Agree,Agree,Strongly Agree,Slightly Disagree,Strongly Disagree,Disagree,Disagree,Agree,Agree,Slightly Disagree,Strongly Agree,Agree,Agree,Slightly Agree,Strongly Agree,Strongly Agree,,,,,,,,,,,,,,,,,,,,,,,,,,,,,,,,,,,,,,,,,,,,,,,,,,,,,,,,,,,,,,,,,,,,,,,,,Barista,25,3 months,,120
2020-11-16 06:46:07,2020-11-16 06:50:27,IP Address,73.29.200.206,100,259,True,2020-11-16 06:50:27,R_2aRJbFxUZMyDodS,,,,,39.8450927734375,-74.2021026611328125,anonymous,EN,,,,,,,,,,,,,,,,,,,,,,,,,,,,,,,,,,,,,,,,,,,,,,,,,,,,,,,,,,,,,,,,,,,,,,,,,Slightly Agree,Agree,Slightly Agree,Strongly Agree,Strongly Disagree,Strongly Agree,Agree,Disagree,Slightly Agree,Slightly Disagree,Agree,Slightly Disagree,Agree,Agree,Slightly Disagree,Agree,Slightly Agree,Slightly Disagree,Agree,Agree,Agree,Slightly Agree,Agree,Agree,Disagree,Disagree,Strongly Agree,Slightly Agree,Slightly Disagree,Agree,Agree,Slightly Disagree,Agree,Agree,Slightly Agree,Disagree,,,,,,,,,,,,,,,,,,,,,,,,,,,,,,,,,,,,,Assistant manager,55,12 years,,97
2020-11-16 05:57:55,2020-11-16 06:51:51,IP Address,101.93.74.246,100,3236,True,2020-11-16 06:51:52,R_2OYDpj2tyubvTsn,,,,,31.0449066162109375,121.401214599609375,anonymous,EN,,,,,,,,,,,,,,,,,,,,,,,,,,,,,,,,,,,,,,,,,,,,,,,,,,,,,,,,,,,,,,,,,,,,,,,,,Agree,Slightly Disagree,Strongly Agree,Slightly Agree,Slightly Agree,Slightly Disagree,Agree,Agree,Slightly Disagree,Slightly Agree,Agree,Agree,Agree,Disagree,Agree,Agree,Agree,Agree,Strongly Agree,Disagree,Agree,Strongly Agree,Strongly Agree,Agree,Agree,Strongly Agree,Disagree,Strongly Agree,Strongly Agree,Strongly Agree,Strongly Agree,Strongly Agree,Strongly Agree,Strongly Agree,Agree,Agree,,,,,,,,,,,,,,,,,,,,,,,,,,,,,,,,,,,,,"Senior Research Scientist, Talent Assessment and Analytics",45,2.5 years,,56
2020-11-16 06:55:49,2020-11-16 06:59:40,IP Address,174.130.201.102,100,231,True,2020-11-16 06:59:40,R_2ypI5neJ9yqD1o7,,,,,40.227996826171875,-76.11589813232421875,anonymous,EN,Strongly Disagree,Slightly Agree,Slightly Agree,Disagree,Slightly Agree,Slightly Agree,Slightly Agree,Agree,Slightly Disagree,Slightly Agree,Slightly Agree,Slightly Disagree,Disagree,Disagree,Agree,Slightly Disagree,Slightly Disagree,Slightly Agree,Agree,Agree,Slightly Agree,Slightly Agree,Slightly Disagree,Agree,Slightly Agree,Slightly Agree,Slightly Agree,Agree,Strongly Disagree,Disagree,Agree,Slightly Agree,Agree,Disagree,Agree,Disagree,,,,,,,,,,,,,,,,,,,,,,,,,,,,,,,,,,,,,,,,,,,,,,,,,,,,,,,,,,,,,,,,,,,,,,,,,,,,,,,,,,,,,,,,,,,,,,,,,,,,,,,,,,,,,Front end associate,25-30,6 months,,130
2020-11-16 07:02:13,2020-11-16 07:06:26,IP Address,98.223.40.111,100,253,True,2020-11-16 07:06:27,R_1lgJF10VGniDYFn,,,,,41.7516937255859375,-88.24140167236328125,anonymous,EN,,,,,,,,,,,,,,,,,,,,,,,,,,,,,,,,,,,,,,,,,,,,,,,,,,,,,,,,,,,,,,,,,,,,,,,,,Strongly Disagree,Strongly Agree,Strongly Agree,Strongly Agree,Agree,Slightly Disagree,Strongly Agree,Slightly Agree,Agree,Slightly Disagree,Strongly Agree,Slightly Disagree,Agree,Slightly Agree,Slightly Disagree,Strongly Agree,Agree,Agree,Strongly Agree,Slightly Agree,Agree,Agree,Strongly Agree,Agree,Strongly Agree,Strongly Agree,Agree,Agree,Strongly Agree,Strongly Agree,Strongly Agree,Strongly Agree,Strongly Agree,Strongly Agree,Strongly Agree,Agree,,,,,,,,,,,,,,,,,,,,,,,,,,,,,,,,,,,,,"School psychologist ",45,20 years,"Love my job, I’ve done it long enough that it has lost the challenges I enjoyed. I have also become proficient enough that I have gotten lazy about it.  That is bad.",57
2020-11-16 07:05:58,2020-11-16 07:13:19,IP Address,75.72.170.54,100,441,True,2020-11-16 07:13:19,R_2tE7tqzQnn8wZLm,,,,,45.0196075439453125,-93.24019622802734375,anonymous,EN,Disagree,Strongly Agree,Slightly Agree,Disagree,Slightly Disagree,Slightly Disagree,Strongly Disagree,Strongly Agree,Slightly Disagree,Agree,Slightly Agree,Strongly Disagree,Agree,Strongly Disagree,Disagree,Strongly Disagree,Slightly Disagree,Strongly Disagree,Agree,Agree,Slightly Agree,Slightly Disagree,Slightly Agree,Agree,Strongly Disagree,Agree,Strongly Disagree,Disagree,Strongly Disagree,Disagree,Strongly Agree,Slightly Disagree,Disagree,Slightly Agree,Slightly Disagree,Slightly Agree,,,,,,,,,,,,,,,,,,,,,,,,,,,,,,,,,,,,,,,,,,,,,,,,,,,,,,,,,,,,,,,,,,,,,,,,,,,,,,,,,,,,,,,,,,,,,,,,,,,,,,,,,,,,,Data Analyst,"45+ ",10 months,,101
2020-11-16 07:12:19,2020-11-16 07:15:55,IP Address,68.97.28.10,100,215,True,2020-11-16 07:15:55,R_24PXe3sOaPnUAgN,,,,,35.2144012451171875,-97.4535980224609375,anonymous,EN,,,,,,,,,,,,,,,,,,,,,,,,,,,,,,,,,,,,,Slightly Agree,Strongly Agree,Strongly Agree,Strongly Agree,Agree,Slightly Agree,Slightly Disagree,Disagree,Slightly Agree,Slightly Disagree,Strongly Agree,Agree,Agree,Disagree,Agree,Agree,Agree,Agree,Strongly Agree,Disagree,Slightly Agree,Agree,Strongly Agree,Agree,Slightly Disagree,Agree,Agree,Strongly Agree,Agree,Strongly Agree,Strongly Agree,Slightly Agree,Strongly Agree,Agree,Agree,Slightly Agree,,,,,,,,,,,,,,,,,,,,,,,,,,,,,,,,,,,,,,,,,,,,,,,,,,,,,,,,,,,,,,,,,,,,,,,,,Senior Analyst,30,Over a year,"There were two questions back-to-back that seemed redundant. I think it was asking about mentally being drained from work...I think. ",109
2020-11-16 05:20:59,2020-11-16 07:21:47,IP Address,73.215.161.186,100,7247,True,2020-11-16 07:21:47,R_1gSksSHgcQgljbv,,,,,40.786895751953125,-74.25350189208984375,anonymous,EN,,,,,,,,,,,,,,,,,,,,,,,,,,,,,,,,,,,,,,,,,,,,,,,,,,,,,,,,,,,,,,,,,,,,,,,,,,,,,,,,,,,,,,,,,,,,,,,,,,,,,,,,,,,,,Agree,Disagree,Agree,Disagree,Agree,Disagree,Slightly Disagree,Strongly Agree,,Disagree,Slightly Agree,Agree,Disagree,Strongly Agree,Strongly Agree,Agree,Agree,Agree,Agree,Slightly Agree,Agree,Slightly Agree,Agree,Agree,Agree,Strongly Agree,Strongly Agree,Agree,Agree,Strongly Agree,Strongly Agree,Strongly Agree,Agree,Strongly Agree,Strongly Agree,Slightly Disagree,Graduate Tutor,15,1.5 years,,103
2020-11-16 07:16:23,2020-11-16 07:22:47,IP Address,73.56.30.56,100,384,True,2020-11-16 07:22:47,R_w1sm4r6AwLi7yk9,,,,,26.5225982666015625,-80.05999755859375,anonymous,EN,,,,,,,,,,,,,,,,,,,,,,,,,,,,,,,,,,,,,,,,,,,,,,,,,,,,,,,,,,,,,,,,,,,,,,,,,,,,,,,,,,,,,,,,,,,,,,,,,,,,,,,,,,,,,Slightly Agree,Disagree,Agree,Disagree,Agree,Disagree,Slightly Disagree,Agree,Agree,Agree,Strongly Disagree,Slightly Agree,Disagree,Agree,Agree,Slightly Agree,Agree,Slightly Agree,Strongly Agree,Disagree,Agree,Agree,Agree,Agree,Slightly Agree,Slightly Agree,Slightly Agree,Slightly Agree,Agree,Agree,Agree,Agree,Agree,Agree,Strongly Agree,Agree,"Cyber security ",45,4 years,Stay positive,141
2020-11-16 07:26:35,2020-11-16 07:30:22,IP Address,75.72.170.54,100,226,True,2020-11-16 07:30:22,R_TbHNZBw7jIW8yUV,,,,,45.0196075439453125,-93.24019622802734375,anonymous,EN,,,,,,,,,,,,,,,,,,,,,,,,,,,,,,,,,,,,,Slightly Disagree,Slightly Disagree,Slightly Agree,Slightly Disagree,Slightly Disagree,Disagree,Slightly Agree,Slightly Disagree,Disagree,Slightly Agree,Slightly Agree,Slightly Disagree,Disagree,Slightly Agree,Disagree,Slightly Disagree,Slightly Agree,Slightly Disagree,Slightly Disagree,Slightly Agree,Slightly Disagree,Slightly Agree,Agree,Slightly Agree,Slightly Agree,Slightly Agree,Slightly Agree,Slightly Disagree,Agree,Agree,Slightly Agree,Slightly Agree,Agree,Slightly Agree,Slightly Agree,Slightly Agree,,,,,,,,,,,,,,,,,,,,,,,,,,,,,,,,,,,,,,,,,,,,,,,,,,,,,,,,,,,,,,,,,,,,,,,,,UX designer,40,1 year,,129
2020-11-16 07:34:10,2020-11-16 07:41:24,IP Address,155.201.42.73,100,434,True,2020-11-16 07:41:25,R_2782d9B3MHnOO57,,,,,40.7682952880859375,-73.98020172119140625,anonymous,EN,Agree,Disagree,Agree,Slightly Disagree,Agree,Slightly Disagree,Agree,Slightly Agree,Slightly Agree,Agree,Agree,Disagree,Slightly Disagree,Disagree,Agree,Strongly Disagree,Agree,Slightly Agree,Agree,Slightly Agree,Agree,Agree,Agree,Strongly Agree,Slightly Disagree,Slightly Disagree,Disagree,Slightly Disagree,Agree,Agree,Agree,Agree,Disagree,Disagree,Agree,Disagree,,,,,,,,,,,,,,,,,,,,,,,,,,,,,,,,,,,,,,,,,,,,,,,,,,,,,,,,,,,,,,,,,,,,,,,,,,,,,,,,,,,,,,,,,,,,,,,,,,,,,,,,,,,,,Director of Learning Measurement & Analytics,50,14,"reverse scored items are a pain to answer, I know it's good psychometrically, but in the business world I never use them because people mess them up and it makes data analysis harder than it has to be. ",134
2020-11-16 07:39:20,2020-11-16 07:43:51,IP Address,71.198.98.159,100,270,True,2020-11-16 07:43:51,R_3Ehy4s51fo6Gjpp,,,,,37.0608978271484375,-122.01979827880859375,anonymous,EN,,,,,,,,,,,,,,,,,,,,,,,,,,,,,,,,,,,,,,,,,,,,,,,,,,,,,,,,,,,,,,,,,,,,,,,,,Disagree,Slightly Agree,Slightly Disagree,Agree,Agree,Slightly Agree,Agree,Slightly Disagree,Slightly Disagree,Strongly Agree,Agree,Disagree,Disagree,Disagree,Disagree,Slightly Agree,Agree,Slightly Agree,Agree,Slightly Agree,Slightly Disagree,Agree,Strongly Agree,Agree,Slightly Agree,Slightly Agree,Agree,Slightly Disagree,Strongly Agree,Strongly Agree,Agree,Slightly Agree,Agree,Strongly Agree,Agree,Agree,,,,,,,,,,,,,,,,,,,,,,,,,,,,,,,,,,,,,Executive Assistant and office manager,6,2.5 years,,85
2020-11-16 07:43:59,2020-11-16 07:47:00,IP Address,159.118.194.213,100,180,True,2020-11-16 07:47:00,R_2s6cxclltcjlloh,,,,,36.7407073974609375,-95.9272003173828125,anonymous,EN,,,,,,,,,,,,,,,,,,,,,,,,,,,,,,,,,,,,,,,,,,,,,,,,,,,,,,,,,,,,,,,,,,,,,,,,,,,,,,,,,,,,,,,,,,,,,,,,,,,,,,,,,,,,,Strongly Agree,Agree,Agree,Agree,Agree,Agree,Slightly Agree,Slightly Agree,Strongly Agree,Strongly Agree,Disagree,Agree,Disagree,Agree,Slightly Agree,Slightly Disagree,Agree,Agree,Agree,Agree,Agree,Strongly Agree,Agree,Strongly Agree,Agree,Slightly Disagree,Slightly Disagree,Disagree,Agree,Agree,Strongly Agree,Agree,Agree,Agree,Strongly Agree,Agree,Psychologist,40,6 years,,127
2020-11-16 07:43:27,2020-11-16 07:52:18,IP Address,68.47.32.209,100,531,True,2020-11-16 07:52:19,R_eJzMJXQC0Yap4t3,,,,,45.0702056884765625,-93.455596923828125,anonymous,EN,Slightly Agree,Slightly Agree,Agree,Slightly Disagree,Agree,Slightly Agree,Agree,Slightly Agree,Strongly Agree,Agree,Strongly Agree,Strongly Agree,Slightly Agree,Slightly Agree,Agree,Agree,Slightly Agree,Strongly Agree,Strongly Agree,Slightly Disagree,Strongly Agree,Agree,Strongly Agree,Agree,Disagree,Slightly Agree,Slightly Agree,Agree,Strongly Agree,Strongly Agree,Disagree,Agree,Slightly Disagree,Slightly Agree,Agree,Slightly Agree,,,,,,,,,,,,,,,,,,,,,,,,,,,,,,,,,,,,,,,,,,,,,,,,,,,,,,,,,,,,,,,,,,,,,,,,,,,,,,,,,,,,,,,,,,,,,,,,,,,,,,,,,,,,,Sr. Program Manager,45-50,3 years,"The environment changed from in the office to working from home due to COVID, but my answers are the same in either case.",142
2020-11-16 07:49:12,2020-11-16 07:53:10,IP Address,108.35.221.175,100,238,True,2020-11-16 07:53:11,R_31SYVK0ugyMICMz,,,,,40.742401123046875,-74.032501220703125,anonymous,EN,,,,,,,,,,,,,,,,,,,,,,,,,,,,,,,,,,,,,,,,,,,,,,,,,,,,,,,,,,,,,,,,,,,,,,,,,Strongly Agree,Strongly Agree,Strongly Agree,Strongly Agree,Agree,Strongly Agree,Strongly Agree,Slightly Disagree,Slightly Agree,Agree,Agree,Slightly Agree,Slightly Agree,Slightly Agree,Slightly Disagree,Agree,Strongly Agree,Slightly Disagree,Strongly Agree,Strongly Agree,Strongly Agree,Slightly Agree,Strongly Agree,Slightly Disagree,Agree,Disagree,Slightly Agree,Disagree,Slightly Disagree,Slightly Agree,Agree,Strongly Agree,Strongly Agree,Agree,Slightly Disagree,Slightly Agree,,,,,,,,,,,,,,,,,,,,,,,,,,,,,,,,,,,,,Professor,45,17,Nice work!!! We need a good engagement scale.,63
2020-11-16 07:53:08,2020-11-16 07:59:26,IP Address,97.116.90.135,100,378,True,2020-11-16 07:59:27,R_vIapglt56lBvpOV,,,,,45.0139007568359375,-93.15450286865234375,anonymous,EN,,,,,,,,,,,,,,,,,,,,,,,,,,,,,,,,,,,,,,,,,,,,,,,,,,,,,,,,,,,,,,,,,,,,,,,,,Slightly Disagree,Disagree,Agree,Slightly Disagree,Disagree,Slightly Disagree,Agree,Slightly Agree,Slightly Agree,Slightly Disagree,Slightly Disagree,Slightly Disagree,Slightly Disagree,Slightly Disagree,Agree,Slightly Agree,Slightly Agree,Slightly Agree,Agree,Slightly Disagree,Strongly Agree,Agree,Agree,Slightly Agree,Agree,Disagree,Slightly Agree,Slightly Disagree,Slightly Agree,Slightly Agree,Agree,Slightly Agree,Agree,Agree,Slightly Agree,Disagree,,,,,,,,,,,,,,,,,,,,,,,,,,,,,,,,,,,,,Sales Manager,35,10 years,,96
2020-11-16 07:54:22,2020-11-16 07:59:29,IP Address,104.129.196.190,100,307,True,2020-11-16 07:59:29,R_2tFiOZ7KDUPhQtH,,,,,41.97039794921875,-87.7035980224609375,anonymous,EN,Strongly Disagree,Strongly Agree,Agree,Disagree,Slightly Disagree,Disagree,Agree,Strongly Agree,Disagree,Agree,Agree,Slightly Agree,Strongly Agree,Slightly Agree,Agree,Disagree,Slightly Disagree,Slightly Agree,Agree,Slightly Disagree,Strongly Agree,Strongly Agree,Strongly Disagree,Agree,Agree,Strongly Agree,Disagree,Disagree,Slightly Agree,Strongly Disagree,Agree,Disagree,Slightly Disagree,Strongly Agree,Slightly Agree,Strongly Agree,,,,,,,,,,,,,,,,,,,,,,,,,,,,,,,,,,,,,,,,,,,,,,,,,,,,,,,,,,,,,,,,,,,,,,,,,,,,,,,,,,,,,,,,,,,,,,,,,,,,,,,,,,,,,Technical Support Specialist,40,3 years,,100
2020-11-16 06:48:04,2020-11-16 07:59:31,IP Address,207.153.26.25,100,4287,True,2020-11-16 07:59:32,R_3JCn9afAZzY5LLt,,,,,44.9691009521484375,-93.2843017578125,anonymous,EN,Slightly Agree,Slightly Disagree,Slightly Disagree,Slightly Agree,Agree,Slightly Agree,Agree,Disagree,Strongly Agree,Strongly Agree,Strongly Agree,Strongly Agree,Disagree,Disagree,Agree,Disagree,Agree,Agree,Agree,Slightly Agree,Agree,Strongly Agree,Agree,Agree,Slightly Disagree,Slightly Agree,Slightly Disagree,Disagree,Agree,Slightly Agree,Slightly Agree,Agree,Slightly Agree,Slightly Agree,Agree,Slightly Agree,,,,,,,,,,,,,,,,,,,,,,,,,,,,,,,,,,,,,,,,,,,,,,,,,,,,,,,,,,,,,,,,,,,,,,,,,,,,,,,,,,,,,,,,,,,,,,,,,,,,,,,,,,,,,Organization Development Consultant,40,5,"IMO, challenges of wfh, generalized anxiety around COVID, and racial unrest, are going to impact burnout, engagement, etc., even if someone typically feels engaged and committed to their job. Might result in some funky responses to various items.",146
2020-11-16 07:55:23,2020-11-16 08:00:00,IP Address,216.71.9.20,100,276,True,2020-11-16 08:00:00,R_1IKMdiRBzvxCkb5,,,,,45.564605712890625,-94.3365020751953125,anonymous,EN,,,,,,,,,,,,,,,,,,,,,,,,,,,,,,,,,,,,,,,,,,,,,,,,,,,,,,,,,,,,,,,,,,,,,,,,,,,,,,,,,,,,,,,,,,,,,,,,,,,,,,,,,,,,,Slightly Disagree,Agree,Slightly Agree,Agree,Slightly Disagree,Agree,Agree,Slightly Disagree,Slightly Disagree,Slightly Agree,Agree,Slightly Agree,Slightly Disagree,Strongly Agree,Strongly Agree,Slightly Agree,Agree,Slightly Agree,Strongly Agree,Agree,Strongly Agree,Slightly Disagree,Strongly Agree,Agree,Agree,Agree,Strongly Agree,Disagree,Slightly Agree,Agree,Strongly Agree,Slightly Agree,Agree,Agree,Agree,Slightly Disagree,Executive Director,50,4 years,,121
2020-11-16 07:48:55,2020-11-16 08:00:19,IP Address,148.74.115.200,100,684,True,2020-11-16 08:00:20,R_RIGMDMcqGfavacp,,,,,40.3495941162109375,-74.2848968505859375,anonymous,EN,,,,,,,,,,,,,,,,,,,,,,,,,,,,,,,,,,,,,Slightly Agree,Slightly Agree,Agree,Slightly Disagree,Agree,Slightly Agree,Agree,Strongly Agree,Slightly Disagree,Strongly Agree,Agree,Agree,Strongly Agree,Agree,Slightly Agree,Agree,Slightly Disagree,Agree,Disagree,Slightly Disagree,Slightly Agree,Slightly Disagree,Strongly Agree,,Agree,Strongly Agree,Slightly Agree,Agree,Slightly Agree,Strongly Agree,Slightly Agree,Agree,Slightly Agree,Strongly Agree,Agree,Agree,,,,,,,,,,,,,,,,,,,,,,,,,,,,,,,,,,,,,,,,,,,,,,,,,,,,,,,,,,,,,,,,,,,,,,,,,,,,,118
2020-11-16 07:53:10,2020-11-16 08:03:11,IP Address,23.122.206.49,100,601,True,2020-11-16 08:03:12,R_D90l7j3i9v3ACml,,,,,38.160797119140625,-85.78070068359375,anonymous,EN,,,,,,,,,,,,,,,,,,,,,,,,,,,,,,,,,,,,,,,,,,,,,,,,,,,,,,,,,,,,,,,,,,,,,,,,,,,,,,,,,,,,,,,,,,,,,,,,,,,,,,,,,,,,,Agree,Slightly Agree,Agree,Strongly Disagree,Strongly Agree,Strongly Disagree,Agree,Strongly Agree,Strongly Agree,Strongly Agree,Strongly Disagree,Strongly Agree,Slightly Agree,Agree,Strongly Agree,Agree,Agree,Agree,Strongly Agree,Strongly Disagree,Strongly Agree,Strongly Agree,Strongly Agree,Strongly Agree,Agree,Strongly Agree,Agree,Agree,Strongly Agree,Strongly Agree,Strongly Agree,Agree,Strongly Agree,Strongly Agree,Strongly Agree,Strongly Agree,Post Closer,40-45,22 years,,67
2020-11-16 08:09:29,2020-11-16 08:13:28,IP Address,45.30.122.66,100,238,True,2020-11-16 08:13:28,R_Y5FSS1dI5AipQeB,,,,,38.1278076171875,-85.5740966796875,anonymous,EN,,,,,,,,,,,,,,,,,,,,,,,,,,,,,,,,,,,,,,,,,,,,,,,,,,,,,,,,,,,,,,,,,,,,,,,,,Strongly Disagree,Agree,Strongly Agree,Strongly Agree,Disagree,Agree,Agree,Agree,Strongly Agree,Strongly Agree,Slightly Disagree,Slightly Agree,Strongly Agree,Slightly Agree,Agree,Agree,Strongly Agree,Agree,Agree,Agree,Strongly Agree,,Strongly Agree,Strongly Agree,,Slightly Disagree,Slightly Disagree,Strongly Agree,Agree,Slightly Agree,Strongly Agree,Strongly Agree,Strongly Agree,Strongly Agree,Strongly Agree,Slightly Disagree,,,,,,,,,,,,,,,,,,,,,,,,,,,,,,,,,,,,,Management,65,20 years,Na,50
2020-11-16 08:08:39,2020-11-16 08:14:37,IP Address,174.219.19.183,100,357,True,2020-11-16 08:14:37,R_2780MKJuSf1DRPt,,,,,44.93389892578125,-93.12349700927734375,anonymous,EN,,,,,,,,,,,,,,,,,,,,,,,,,,,,,,,,,,,,,Slightly Agree,Slightly Disagree,Strongly Agree,Strongly Disagree,Agree,Slightly Agree,Agree,Slightly Agree,Slightly Disagree,Agree,Agree,Agree,Strongly Agree,Disagree,Disagree,Strongly Agree,Strongly Agree,Agree,Agree,Disagree,Agree,Strongly Agree,Strongly Agree,Agree,Agree,Slightly Agree,Slightly Disagree,Agree,Agree,Slightly Agree,Strongly Agree,Strongly Agree,Strongly Agree,Strongly Agree,Agree,Slightly Disagree,,,,,,,,,,,,,,,,,,,,,,,,,,,,,,,,,,,,,,,,,,,,,,,,,,,,,,,,,,,,,,,,,,,,,,,,,Operations Manager,50-60,3 years,,104
2020-11-16 08:14:15,2020-11-16 08:17:36,IP Address,68.80.141.219,100,201,True,2020-11-16 08:17:37,R_2SDm4vdZT4Vrq44,,,,,39.97760009765625,-75.30989837646484375,anonymous,EN,,,,,,,,,,,,,,,,,,,,,,,,,,,,,,,,,,,,,,,,,,,,,,,,,,,,,,,,,,,,,,,,,,,,,,,,,,,,,,,,,,,,,,,,,,,,,,,,,,,,,,,,,,,,,Strongly Agree,Strongly Disagree,Disagree,Strongly Disagree,Agree,Strongly Agree,Strongly Disagree,Strongly Agree,Strongly Disagree,Strongly Disagree,Strongly Agree,Slightly Agree,Strongly Disagree,Strongly Agree,Slightly Disagree,Slightly Disagree,Strongly Disagree,Strongly Disagree,Slightly Disagree,Strongly Agree,Disagree,Disagree,Slightly Disagree,Strongly Disagree,Slightly Agree,Strongly Agree,Strongly Agree,Strongly Disagree,Slightly Agree,Slightly Disagree,Slightly Agree,Strongly Agree,Strongly Agree,Slightly Disagree,Disagree,Strongly Agree,Internal wholsaler,50,"1.7 years ",,57
2020-11-16 08:16:49,2020-11-16 08:23:54,IP Address,148.74.115.200,100,425,True,2020-11-16 08:23:55,R_1nVhwbEnc3QEso0,,,,,40.3495941162109375,-74.2848968505859375,anonymous,EN,,,,,,,,,,,,,,,,,,,,,,,,,,,,,,,,,,,,,Slightly Agree,Slightly Disagree,Agree,Slightly Disagree,Slightly Disagree,Agree,Agree,Slightly Agree,Slightly Agree,Agree,Agree,Agree,Agree,Slightly Disagree,Disagree,Slightly Disagree,Agree,Slightly Agree,Slightly Disagree,Agree,Agree,Slightly Disagree,Strongly Agree,Agree,Agree,Slightly Disagree,Slightly Agree,Agree,Slightly Agree,Disagree,Slightly Disagree,Agree,Agree,Agree,Slightly Agree,Slightly Agree,,,,,,,,,,,,,,,,,,,,,,,,,,,,,,,,,,,,,,,,,,,,,,,,,,,,,,,,,,,,,,,,,,,,,,,,,"Pharmacist ",20,18,,143
2020-11-16 08:19:48,2020-11-16 08:24:39,IP Address,67.4.212.59,100,290,True,2020-11-16 08:24:39,R_tRkMOUVq5UzMBc5,,,,,44.9763946533203125,-93.2239990234375,anonymous,EN,,,,,,,,,,,,,,,,,,,,,,,,,,,,,,,,,,,,,Disagree,Disagree,Disagree,Strongly Disagree,Slightly Disagree,Strongly Disagree,Strongly Agree,Disagree,Strongly Disagree,Slightly Agree,Slightly Agree,Slightly Disagree,Disagree,Slightly Agree,Slightly Disagree,Disagree,Slightly Agree,Slightly Disagree,Slightly Disagree,Slightly Disagree,Slightly Disagree,Slightly Agree,Slightly Agree,Slightly Agree,Disagree,Slightly Disagree,Strongly Agree,Slightly Disagree,Disagree,Strongly Agree,Slightly Agree,Slightly Disagree,Agree,Slightly Agree,Slightly Agree,Agree,,,,,,,,,,,,,,,,,,,,,,,,,,,,,,,,,,,,,,,,,,,,,,,,,,,,,,,,,,,,,,,,,,,,,,,,,Research Analyst,40,3 years,,99
2020-11-16 08:19:56,2020-11-16 08:24:59,IP Address,209.63.72.252,100,302,True,2020-11-16 08:24:59,R_3hyaKIg3X8uxYVn,,,,,44.9763946533203125,-93.2239990234375,anonymous,EN,,,,,,,,,,,,,,,,,,,,,,,,,,,,,,,,,,,,,,,,,,,,,,,,,,,,,,,,,,,,,,,,,,,,,,,,,Slightly Agree,Slightly Agree,Strongly Agree,Slightly Disagree,Strongly Disagree,Slightly Agree,Disagree,Slightly Disagree,Slightly Agree,Agree,Agree,Slightly Disagree,Strongly Agree,Disagree,Strongly Disagree,Agree,Slightly Agree,Agree,Agree,Disagree,Slightly Agree,Agree,Strongly Agree,Agree,Agree,Agree,Disagree,Agree,Strongly Agree,Agree,Strongly Agree,Agree,Strongly Agree,Agree,Strongly Agree,Strongly Agree,,,,,,,,,,,,,,,,,,,,,,,,,,,,,,,,,,,,,IT,40,6.5 years,,73
2020-11-16 08:22:08,2020-11-16 08:26:53,IP Address,73.75.173.19,100,285,True,2020-11-16 08:26:53,R_2uWEdx6GFnhgKJJ,,,,,42.36669921875,-88.092498779296875,anonymous,EN,Strongly Disagree,Strongly Agree,Agree,Disagree,Slightly Agree,Disagree,Strongly Agree,Agree,Slightly Agree,Strongly Agree,Agree,Slightly Agree,Strongly Agree,Agree,Slightly Agree,Disagree,Slightly Agree,Slightly Agree,Strongly Agree,Slightly Agree,Agree,Agree,Slightly Agree,Agree,Agree,Strongly Agree,Slightly Disagree,Disagree,Disagree,Slightly Agree,Strongly Agree,Strongly Agree,Disagree,Strongly Agree,Agree,Strongly Agree,,,,,,,,,,,,,,,,,,,,,,,,,,,,,,,,,,,,,,,,,,,,,,,,,,,,,,,,,,,,,,,,,,,,,,,,,,,,,,,,,,,,,,,,,,,,,,,,,,,,,,,,,,,,,Survey Specialist,45,2 years,No,115
2020-11-16 08:22:34,2020-11-16 08:28:29,IP Address,68.119.25.24,100,355,True,2020-11-16 08:28:30,R_A7L57iazp7hwxgt,,,,,45.5428009033203125,-94.187103271484375,anonymous,EN,,,,,,,,,,,,,,,,,,,,,,,,,,,,,,,,,,,,,,,,,,,,,,,,,,,,,,,,,,,,,,,,,,,,,,,,,Slightly Disagree,Agree,Slightly Disagree,Agree,Agree,Slightly Agree,Slightly Disagree,Slightly Disagree,Agree,Slightly Disagree,Slightly Agree,Slightly Disagree,Slightly Disagree,Agree,Disagree,Slightly Disagree,Agree,Slightly Disagree,Slightly Agree,Agree,Slightly Agree,Agree,Agree,Slightly Agree,Agree,Agree,Slightly Disagree,Slightly Agree,Slightly Agree,Agree,Agree,Agree,Agree,Agree,Agree,Slightly Agree,,,,,,,,,,,,,,,,,,,,,,,,,,,,,,,,,,,,,Associate Professor,40,6 years,No,103
2020-11-16 08:25:41,2020-11-16 08:30:02,IP Address,209.63.72.252,100,261,True,2020-11-16 08:30:03,R_10wTweHKbBEsuMJ,,,,,44.9763946533203125,-93.2239990234375,anonymous,EN,,,,,,,,,,,,,,,,,,,,,,,,,,,,,,,,,,,,,,,,,,,,,,,,,,,,,,,,,,,,,,,,,,,,,,,,,,,,,,,,,,,,,,,,,,,,,,,,,,,,,,,,,,,,,Slightly Disagree,Disagree,Slightly Disagree,Disagree,Slightly Agree,Agree,Disagree,Strongly Disagree,Slightly Agree,Slightly Disagree,Slightly Disagree,Slightly Disagree,Slightly Disagree,Agree,Agree,Disagree,Slightly Disagree,Disagree,Slightly Agree,Slightly Agree,Slightly Agree,Agree,Slightly Agree,Slightly Agree,Slightly Agree,Slightly Agree,Slightly Agree,Disagree,Slightly Agree,Slightly Agree,Agree,Slightly Disagree,Slightly Agree,Slightly Agree,Agree,Slightly Agree,System Administrator,40,2 yr,"I want more time to re-energize during the day. Even if that means laying down on resting. Being at work does not allow this and it is currently socially unacceptable but I feel after a rest I am more productive and focused on work. ",127
2020-11-16 08:32:34,2020-11-16 08:36:43,IP Address,73.32.107.142,100,248,True,2020-11-16 08:36:43,R_2afBZFuXZyyEDkF,,,,,29.7953033447265625,-95.49680328369140625,anonymous,EN,,,,,,,,,,,,,,,,,,,,,,,,,,,,,,,,,,,,,Agree,Slightly Disagree,Strongly Agree,Slightly Disagree,Agree,Slightly Agree,Agree,Slightly Disagree,Slightly Agree,Slightly Disagree,Strongly Agree,Slightly Agree,Slightly Agree,Slightly Disagree,Slightly Agree,Agree,Agree,Slightly Agree,Slightly Disagree,Agree,Slightly Agree,Slightly Agree,Agree,Slightly Disagree,Slightly Disagree,Slightly Disagree,Slightly Agree,Slightly Disagree,Slightly Agree,Slightly Disagree,Slightly Agree,Slightly Agree,Slightly Agree,Slightly Agree,Slightly Agree,Slightly Agree,,,,,,,,,,,,,,,,,,,,,,,,,,,,,,,,,,,,,,,,,,,,,,,,,,,,,,,,,,,,,,,,,,,,,,,,,Accountant,32,1 year,,132
2020-11-16 08:12:46,2020-11-16 08:46:49,IP Address,107.77.223.24,100,2043,True,2020-11-16 08:46:49,R_UAprrtuRvZZYBGx,,,,,40.676300048828125,-73.9492034912109375,anonymous,EN,Slightly Agree,Slightly Disagree,Strongly Agree,Strongly Agree,Agree,Strongly Agree,Strongly Agree,Slightly Disagree,Strongly Agree,Strongly Agree,Strongly Agree,Strongly Agree,Strongly Agree,Slightly Disagree,Slightly Agree,Slightly Disagree,Strongly Agree,Strongly Agree,Strongly Agree,Agree,Strongly Agree,Strongly Agree,Strongly Agree,Strongly Agree,Agree,Strongly Disagree,Slightly Disagree,Strongly Agree,Strongly Agree,Strongly Agree,Strongly Disagree,Strongly Agree,Slightly Agree,Slightly Disagree,Strongly Agree,Slightly Disagree,,,,,,,,,,,,,,,,,,,,,,,,,,,,,,,,,,,,,,,,,,,,,,,,,,,,,,,,,,,,,,,,,,,,,,,,,,,,,,,,,,,,,,,,,,,,,,,,,,,,,,,,,,,,,"Account Executive ",50,2 years,,104
2020-11-16 08:48:42,2020-11-16 08:54:55,IP Address,198.203.175.175,100,372,True,2020-11-16 08:54:55,R_3FUPj23FV0JhSwr,,,,,37.751007080078125,-97.82199859619140625,anonymous,EN,Slightly Agree,Slightly Agree,Agree,Slightly Agree,Slightly Agree,Agree,Slightly Agree,Disagree,Strongly Agree,Strongly Agree,Strongly Agree,Agree,Strongly Agree,Slightly Disagree,Agree,Slightly Disagree,Agree,Agree,Agree,Agree,Strongly Agree,Agree,Agree,Strongly Agree,Slightly Disagree,Disagree,Disagree,Agree,Agree,Agree,Strongly Disagree,Strongly Agree,Agree,Slightly Agree,Agree,Slightly Agree,,,,,,,,,,,,,,,,,,,,,,,,,,,,,,,,,,,,,,,,,,,,,,,,,,,,,,,,,,,,,,,,,,,,,,,,,,,,,,,,,,,,,,,,,,,,,,,,,,,,,,,,,,,,,Vice President,40-50,12 years,Johno is a horrible trombone player,137
2020-11-16 08:55:33,2020-11-16 08:58:26,IP Address,66.41.199.168,100,173,True,2020-11-16 08:58:26,R_3EKZ9YFzCtWqhwb,,,,,45.17010498046875,-93.1912994384765625,anonymous,EN,,,,,,,,,,,,,,,,,,,,,,,,,,,,,,,,,,,,,,,,,,,,,,,,,,,,,,,,,,,,,,,,,,,,,,,,,,,,,,,,,,,,,,,,,,,,,,,,,,,,,,,,,,,,,Slightly Disagree,Strongly Agree,Slightly Agree,Strongly Agree,Slightly Disagree,Agree,Disagree,Slightly Agree,Agree,Slightly Agree,Slightly Agree,Slightly Agree,Strongly Agree,Slightly Disagree,Slightly Agree,Strongly Disagree,Slightly Disagree,Disagree,Slightly Agree,Slightly Disagree,Agree,Slightly Disagree,Slightly Agree,Agree,Strongly Agree,Slightly Agree,Slightly Agree,Strongly Disagree,Slightly Agree,Slightly Agree,Strongly Agree,Slightly Disagree,Slightly Agree,Slightly Agree,Slightly Agree,Slightly Disagree,Survey Data Analyst,45,1.5 years,Things were markedly differently before WFH,110
2020-11-16 09:01:27,2020-11-16 09:06:41,IP Address,73.8.179.65,100,314,True,2020-11-16 09:06:41,R_2TzKJ5z1SDd0YgJ,,,,,41.873199462890625,-88.0001983642578125,anonymous,EN,,,,,,,,,,,,,,,,,,,,,,,,,,,,,,,,,,,,,,,,,,,,,,,,,,,,,,,,,,,,,,,,,,,,,,,,,Agree,Disagree,Slightly Disagree,Disagree,Slightly Agree,Slightly Agree,Agree,Slightly Agree,Agree,Disagree,Agree,Disagree,Disagree,Disagree,Agree,Disagree,Agree,Disagree,Disagree,Slightly Disagree,Slightly Agree,Agree,Agree,Agree,Agree,Slightly Agree,Disagree,Slightly Agree,Agree,Disagree,Slightly Agree,Slightly Agree,Slightly Agree,Slightly Agree,Strongly Agree,Strongly Agree,,,,,,,,,,,,,,,,,,,,,,,,,,,,,,,,,,,,,Agile Scrum Master,9,1 year,,88
2020-11-16 09:19:49,2020-11-16 09:24:23,IP Address,71.212.138.207,100,274,True,2020-11-16 09:24:24,R_3KPJgCIIZBQFF7w,,,,,47.690093994140625,-122.37469482421875,anonymous,EN,Disagree,Slightly Agree,Strongly Agree,Slightly Agree,Agree,Agree,Strongly Agree,Strongly Agree,Strongly Agree,Strongly Agree,Strongly Agree,Strongly Agree,Agree,Slightly Agree,Agree,Strongly Agree,Slightly Agree,Agree,Strongly Agree,Agree,Strongly Agree,Strongly Agree,Strongly Agree,Strongly Agree,Strongly Agree,Slightly Disagree,Disagree,Agree,Strongly Agree,Strongly Agree,Strongly Disagree,Strongly Agree,Strongly Agree,Disagree,Agree,Disagree,,,,,,,,,,,,,,,,,,,,,,,,,,,,,,,,,,,,,,,,,,,,,,,,,,,,,,,,,,,,,,,,,,,,,,,,,,,,,,,,,,,,,,,,,,,,,,,,,,,,,,,,,,,,,Vocational Rehabilitation Counselor,40,3+ years,"This job is incredibly draining, but worthwhile, I would consider draining a negative, it will always be a part of counseling people in challenging situations",104
2020-11-16 09:18:57,2020-11-16 09:24:39,IP Address,24.6.61.234,100,341,True,2020-11-16 09:24:39,R_1HoRlz6ZEHbCFpL,,,,,37.8376007080078125,-122.23979949951171875,anonymous,EN,,,,,,,,,,,,,,,,,,,,,,,,,,,,,,,,,,,,,Strongly Disagree,Agree,Disagree,Agree,Strongly Agree,Agree,Slightly Disagree,Disagree,Strongly Disagree,Agree,Slightly Agree,Disagree,Slightly Agree,Agree,Disagree,Disagree,Slightly Disagree,Disagree,Agree,Slightly Agree,Slightly Disagree,Agree,Strongly Agree,Slightly Disagree,Agree,Slightly Disagree,Slightly Agree,Slightly Agree,Agree,Slightly Agree,Agree,Strongly Agree,Agree,Agree,Agree,Agree,,,,,,,,,,,,,,,,,,,,,,,,,,,,,,,,,,,,,,,,,,,,,,,,,,,,,,,,,,,,,,,,,,,,,,,,,Health program manager,45,5 years,"The responses are affected by the current pandemic situation. The demands of home vs healthcare work life are pinwheeling. ",123
2020-11-16 09:28:48,2020-11-16 09:36:40,IP Address,156.146.59.40,100,472,True,2020-11-16 09:36:40,R_1EbL7hi67B3CZ5e,,,,,37.751007080078125,-97.82199859619140625,anonymous,EN,Strongly Disagree,Agree,Slightly Agree,Disagree,Slightly Agree,Disagree,Slightly Agree,Slightly Agree,Slightly Agree,Slightly Agree,Agree,Agree,Slightly Disagree,Agree,Strongly Agree,Slightly Disagree,Slightly Disagree,Agree,Agree,Agree,Agree,Slightly Disagree,Strongly Agree,Agree,Agree,Agree,Slightly Disagree,Agree,Agree,Slightly Agree,Slightly Agree,Agree,Agree,Slightly Disagree,Agree,Slightly Disagree,,,,,,,,,,,,,,,,,,,,,,,,,,,,,,,,,,,,,,,,,,,,,,,,,,,,,,,,,,,,,,,,,,,,,,,,,,,,,,,,,,,,,,,,,,,,,,,,,,,,,,,,,,,,,Business specialist,35,1.5 years,,138
2020-11-16 09:49:15,2020-11-16 09:55:11,IP Address,71.29.178.220,100,355,True,2020-11-16 09:55:12,R_3e8MP4dEnMyfvI6,,,,,37.8867950439453125,-84.56670379638671875,anonymous,EN,,,,,,,,,,,,,,,,,,,,,,,,,,,,,,,,,,,,,Slightly Agree,Disagree,Agree,Disagree,Agree,Strongly Disagree,Agree,Slightly Disagree,Disagree,Slightly Disagree,Agree,Slightly Agree,Agree,Slightly Disagree,Agree,Slightly Agree,Agree,Slightly Agree,Agree,Agree,Agree,Agree,Strongly Agree,Slightly Agree,Slightly Agree,Slightly Agree,Slightly Agree,Agree,Slightly Agree,Agree,Agree,Agree,Agree,Agree,Slightly Disagree,Slightly Disagree,,,,,,,,,,,,,,,,,,,,,,,,,,,,,,,,,,,,,,,,,,,,,,,,,,,,,,,,,,,,,,,,,,,,,,,,,Teacher,40,10 years,,143
2020-11-16 09:51:18,2020-11-16 09:57:35,IP Address,73.228.225.50,100,377,True,2020-11-16 09:57:35,R_eakSTs5VBQxGBfX,,,,,45.0435028076171875,-93.482696533203125,anonymous,EN,,,,,,,,,,,,,,,,,,,,,,,,,,,,,,,,,,,,,,,,,,,,,,,,,,,,,,,,,,,,,,,,,,,,,,,,,Slightly Agree,Slightly Agree,Agree,Agree,Disagree,Slightly Disagree,Slightly Agree,Disagree,Slightly Agree,Slightly Agree,Disagree,Disagree,Agree,Slightly Disagree,Disagree,Agree,Agree,Slightly Disagree,Agree,Slightly Agree,Agree,Agree,Strongly Agree,Agree,Agree,Agree,Disagree,Agree,Agree,Agree,Agree,Slightly Agree,Agree,Agree,Agree,Agree,,,,,,,,,,,,,,,,,,,,,,,,,,,,,,,,,,,,,,55,10,N/A,111
2020-11-16 09:55:58,2020-11-16 10:03:24,IP Address,99.252.198.204,100,445,True,2020-11-16 10:03:24,R_2OSWHtO7XTvVGNo,,,,,43.6999969482421875,-79.56670379638671875,anonymous,EN,,,,,,,,,,,,,,,,,,,,,,,,,,,,,,,,,,,,,,,,,,,,,,,,,,,,,,,,,,,,,,,,,,,,,,,,,,,,,,,,,,,,,,,,,,,,,,,,,,,,,,,,,,,,,Agree,Slightly Disagree,Strongly Agree,Slightly Disagree,Strongly Agree,Slightly Agree,Strongly Agree,Agree,Slightly Disagree,Agree,Agree,Agree,Slightly Disagree,Agree,Slightly Agree,Slightly Agree,Agree,Slightly Agree,Slightly Agree,Slightly Agree,Agree,Agree,Agree,Slightly Agree,Slightly Agree,Slightly Agree,Agree,Agree,Agree,Agree,Agree,Agree,Agree,Agree,Agree,Agree,Waitress,20,3.5 years,,148
2020-11-16 10:05:18,2020-11-16 10:09:52,IP Address,71.193.95.241,100,274,True,2020-11-16 10:09:52,R_2QmwuHZxlJN6GMo,,,,,45.193206787109375,-93.3022003173828125,anonymous,EN,Slightly Agree,Slightly Agree,Agree,Slightly Disagree,Agree,Slightly Disagree,Agree,Disagree,Agree,Agree,Agree,Agree,Agree,Slightly Agree,Agree,Slightly Agree,Agree,Agree,Agree,Slightly Disagree,Agree,Agree,Agree,Agree,Slightly Agree,Disagree,Disagree,Agree,Agree,Agree,Disagree,Agree,Slightly Agree,Slightly Disagree,Agree,Slightly Disagree,,,,,,,,,,,,,,,,,,,,,,,,,,,,,,,,,,,,,,,,,,,,,,,,,,,,,,,,,,,,,,,,,,,,,,,,,,,,,,,,,,,,,,,,,,,,,,,,,,,,,,,,,,,,,CFO,45,5 years,,152
2020-11-16 09:48:52,2020-11-16 10:17:13,IP Address,69.115.241.28,100,1701,True,2020-11-16 10:17:14,R_30dBgWaJUiwakt2,,,,,40.8446044921875,-74.57489776611328125,anonymous,EN,,,,,,,,,,,,,,,,,,,,,,,,,,,,,,,,,,,,,Strongly Disagree,Disagree,Slightly Agree,Disagree,Disagree,Disagree,Agree,Disagree,Disagree,Agree,Slightly Agree,Disagree,Disagree,Slightly Disagree,Disagree,Slightly Disagree,Slightly Disagree,Disagree,Disagree,Slightly Disagree,Strongly Disagree,Slightly Disagree,Agree,Disagree,Strongly Disagree,Slightly Agree,Slightly Agree,Disagree,Slightly Agree,Agree,Slightly Disagree,Disagree,Agree,Agree,Agree,Agree,,,,,,,,,,,,,,,,,,,,,,,,,,,,,,,,,,,,,,,,,,,,,,,,,,,,,,,,,,,,,,,,,,,,,,,,,Administrative Assistant,16,"No longer with the organization, was there for a year and a half.",,109
2020-11-16 10:20:52,2020-11-16 10:24:22,IP Address,68.63.211.33,100,209,True,2020-11-16 10:24:22,R_2QrB86OVZW8Ptxz,,,,,45.0001068115234375,-93.098602294921875,anonymous,EN,,,,,,,,,,,,,,,,,,,,,,,,,,,,,,,,,,,,,,,,,,,,,,,,,,,,,,,,,,,,,,,,,,,,,,,,,Slightly Disagree,Disagree,Agree,Disagree,Disagree,Agree,Slightly Agree,Slightly Agree,Slightly Agree,Strongly Agree,Strongly Agree,Slightly Agree,Strongly Agree,Disagree,Slightly Agree,Agree,Agree,Slightly Agree,Agree,Slightly Disagree,Strongly Agree,Agree,Strongly Agree,Slightly Agree,Disagree,Slightly Agree,Slightly Agree,Agree,Slightly Agree,Agree,Strongly Agree,Agree,Agree,Agree,Slightly Agree,Agree,,,,,,,,,,,,,,,,,,,,,,,,,,,,,,,,,,,,,"Compensation Consultant ",50,2 years,,91
2020-11-16 10:24:53,2020-11-16 10:28:04,IP Address,107.77.225.19,100,190,True,2020-11-16 10:28:04,R_3PLTfTS2qMCz1B1,,,,,40.849395751953125,-73.90160369873046875,anonymous,EN,,,,,,,,,,,,,,,,,,,,,,,,,,,,,,,,,,,,,Strongly Agree,Strongly Disagree,Agree,Strongly Disagree,Disagree,Strongly Disagree,Strongly Agree,Strongly Agree,Strongly Disagree,Strongly Agree,Agree,Slightly Disagree,Strongly Agree,Slightly Agree,Strongly Agree,Strongly Agree,Strongly Agree,Slightly Disagree,Strongly Agree,Slightly Disagree,Agree,Slightly Agree,Strongly Agree,Slightly Agree,Slightly Disagree,Slightly Agree,Slightly Agree,Slightly Agree,Agree,Strongly Agree,Agree,Strongly Agree,Agree,Strongly Agree,Slightly Agree,Strongly Agree,,,,,,,,,,,,,,,,,,,,,,,,,,,,,,,,,,,,,,,,,,,,,,,,,,,,,,,,,,,,,,,,,,,,,,,,,"Patient Service Representative ",40,a month,,76
2020-11-16 10:24:27,2020-11-16 10:28:07,IP Address,71.187.14.119,100,220,True,2020-11-16 10:28:08,R_3KJASdnaw7YMg1D,,,,,40.91290283203125,-74.16269683837890625,anonymous,EN,Disagree,Strongly Agree,Agree,Agree,Strongly Agree,Slightly Agree,Strongly Agree,Disagree,Strongly Agree,Strongly Agree,Strongly Agree,Strongly Agree,Strongly Agree,Strongly Agree,Strongly Agree,Strongly Agree,Strongly Agree,Strongly Agree,Strongly Agree,Strongly Agree,Strongly Agree,Strongly Agree,Strongly Agree,Strongly Agree,Agree,Agree,Disagree,Agree,Strongly Agree,Strongly Agree,Disagree,Strongly Agree,Strongly Agree,Slightly Agree,Slightly Agree,Slightly Agree,,,,,,,,,,,,,,,,,,,,,,,,,,,,,,,,,,,,,,,,,,,,,,,,,,,,,,,,,,,,,,,,,,,,,,,,,,,,,,,,,,,,,,,,,,,,,,,,,,,,,,,,,,,,,Research Assistant,35-40 hrs,A bit over a year,,103
2020-11-16 10:33:07,2020-11-16 10:41:05,IP Address,73.164.107.84,100,478,True,2020-11-16 10:41:05,R_1OZUPRe2SPbCMQC,,,,,44.78179931640625,-93.51650238037109375,anonymous,EN,,,,,,,,,,,,,,,,,,,,,,,,,,,,,,,,,,,,,,,,,,,,,,,,,,,,,,,,,,,,,,,,,,,,,,,,,,,,,,,,,,,,,,,,,,,,,,,,,,,,,,,,,,,,,Slightly Disagree,Disagree,Slightly Agree,Disagree,Agree,Agree,Slightly Disagree,Disagree,Strongly Disagree,Strongly Disagree,Strongly Agree,Disagree,Disagree,Agree,Slightly Agree,Disagree,Slightly Agree,Disagree,Slightly Agree,Agree,Slightly Agree,Slightly Agree,Agree,Slightly Agree,Slightly Disagree,Disagree,Agree,Slightly Agree,Slightly Agree,Strongly Agree,Strongly Agree,Agree,Strongly Agree,Agree,Slightly Agree,Slightly Disagree,Recruiter,40,5 months,5 months,110
2020-11-16 10:35:25,2020-11-16 10:41:58,IP Address,67.160.226.60,100,392,True,2020-11-16 10:41:58,R_3PFuh7vdKENzU4k,,,,,37.770294189453125,-122.440704345703125,anonymous,EN,Agree,Slightly Agree,Agree,Slightly Disagree,Agree,Agree,Strongly Agree,Slightly Disagree,Agree,Slightly Agree,Strongly Agree,Agree,Slightly Agree,Agree,Agree,Slightly Disagree,Slightly Agree,Agree,Agree,Agree,Strongly Agree,Agree,Agree,Agree,Slightly Disagree,Disagree,Slightly Agree,Slightly Disagree,Slightly Agree,Slightly Agree,Slightly Disagree,Slightly Disagree,Slightly Agree,Strongly Agree,Slightly Agree,Strongly Agree,,,,,,,,,,,,,,,,,,,,,,,,,,,,,,,,,,,,,,,,,,,,,,,,,,,,,,,,,,,,,,,,,,,,,,,,,,,,,,,,,,,,,,,,,,,,,,,,,,,,,,,,,,,,,Senior Analyst,45,5 years,"My immediate team members are generally kind, generous and supportive with each other, which helps my manage frustrations with other parts of the organization.",135
2020-11-16 06:33:47,2020-11-16 10:49:42,IP Address,71.57.154.232,100,15354,True,2020-11-16 10:49:42,R_2z76ycXpjQfpmIl,,,,,26.6598052978515625,-80.24289703369140625,anonymous,EN,,,,,,,,,,,,,,,,,,,,,,,,,,,,,,,,,,,,,,,,,,,,,,,,,,,,,,,,,,,,,,,,,,,,,,,,,,,,,,,,,,,,,,,,,,,,,,,,,,,,,,,,,,,,,Agree,Slightly Agree,Slightly Disagree,Slightly Disagree,Strongly Agree,Slightly Disagree,Agree,Agree,Disagree,Slightly Agree,Slightly Disagree,Slightly Disagree,Disagree,Strongly Agree,Strongly Agree,Slightly Disagree,Strongly Agree,Slightly Disagree,Strongly Agree,Agree,Agree,Disagree,Strongly Agree,Slightly Agree,Strongly Agree,Strongly Agree,Strongly Agree,Agree,Strongly Agree,Strongly Agree,Strongly Agree,Agree,Strongly Agree,Strongly Agree,Agree,Agree,Recruiting Coordinator,"40 ",7,,84
2020-11-16 10:58:16,2020-11-16 11:00:47,IP Address,173.63.102.11,100,151,True,2020-11-16 11:00:48,R_Q3xDEE3dyotj2Kd,,,,,40.6793060302734375,-74.557403564453125,anonymous,EN,,,,,,,,,,,,,,,,,,,,,,,,,,,,,,,,,,,,,,,,,,,,,,,,,,,,,,,,,,,,,,,,,,,,,,,,,Strongly Disagree,Strongly Disagree,Disagree,Strongly Disagree,Strongly Disagree,Strongly Agree,Slightly Agree,Strongly Disagree,Strongly Disagree,Strongly Disagree,Agree,Strongly Disagree,Strongly Disagree,Agree,Disagree,Slightly Agree,Strongly Disagree,Strongly Disagree,Strongly Disagree,Agree,Strongly Agree,Strongly Disagree,Agree,Slightly Agree,Strongly Disagree,Strongly Disagree,Strongly Agree,Strongly Disagree,Strongly Disagree,Agree,Strongly Disagree,Disagree,Agree,Disagree,Strongly Disagree,Slightly Agree,,,,,,,,,,,,,,,,,,,,,,,,,,,,,,,,,,,,,"retail manager ",32,"10 months ",,64
2020-11-16 11:01:56,2020-11-16 11:09:26,IP Address,67.165.120.243,100,450,True,2020-11-16 11:09:26,R_33kXxwp6ivexISR,,,,,47.64630126953125,-122.5330963134765625,anonymous,EN,,,,,,,,,,,,,,,,,,,,,,,,,,,,,,,,,,,,,Strongly Agree,Agree,Strongly Agree,Agree,Strongly Agree,Strongly Agree,Agree,Slightly Agree,Agree,Disagree,Agree,Slightly Agree,Strongly Agree,Strongly Disagree,Agree,Agree,Strongly Agree,Agree,Strongly Agree,Strongly Disagree,Strongly Agree,Agree,Strongly Agree,Slightly Agree,Strongly Agree,Strongly Agree,Strongly Disagree,Strongly Agree,Strongly Agree,Strongly Agree,Strongly Agree,Strongly Agree,Strongly Agree,Strongly Agree,Strongly Agree,Strongly Agree,,,,,,,,,,,,,,,,,,,,,,,,,,,,,,,,,,,,,,,,,,,,,,,,,,,,,,,,,,,,,,,,,,,,,,,,,Managing Partner,60,16 years,,62
2020-11-16 11:08:29,2020-11-16 11:13:38,IP Address,172.58.169.5,100,308,True,2020-11-16 11:13:38,R_3iOwFE4sD3IiPwz,,,,,27.9929046630859375,-82.4029998779296875,anonymous,EN,,,,,,,,,,,,,,,,,,,,,,,,,,,,,,,,,,,,,,,,,,,,,,,,,,,,,,,,,,,,,,,,,,,,,,,,,Agree,Disagree,Slightly Agree,Slightly Disagree,Slightly Agree,Agree,Slightly Agree,Slightly Agree,Slightly Agree,Agree,Agree,Slightly Disagree,Agree,Disagree,Slightly Disagree,Agree,Agree,Slightly Agree,Slightly Agree,Slightly Agree,Strongly Agree,Agree,Strongly Agree,Slightly Agree,Slightly Agree,Slightly Agree,Slightly Agree,Agree,Strongly Agree,Slightly Agree,Agree,Strongly Agree,Slightly Agree,Slightly Agree,Strongly Agree,Agree,,,,,,,,,,,,,,,,,,,,,,,,,,,,,,,,,,,,,Child Protection background screener,43,6 months,,82
2020-11-16 11:14:10,2020-11-16 11:16:24,IP Address,67.52.241.219,100,133,True,2020-11-16 11:16:25,R_3eyQBpN7bDciVH6,,,,,43.014007568359375,-88.27829742431640625,anonymous,EN,,,,,,,,,,,,,,,,,,,,,,,,,,,,,,,,,,,,,Agree,Agree,Strongly Agree,Agree,Agree,Agree,Strongly Agree,Slightly Agree,Slightly Disagree,Strongly Agree,Slightly Agree,Slightly Disagree,Agree,Slightly Agree,Agree,Slightly Agree,Slightly Agree,Slightly Disagree,Agree,Agree,Agree,Slightly Agree,Agree,Slightly Disagree,Slightly Disagree,Slightly Agree,Slightly Agree,Slightly Agree,Slightly Agree,Slightly Agree,Slightly Agree,Slightly Agree,Slightly Agree,Agree,Slightly Agree,Agree,,,,,,,,,,,,,,,,,,,,,,,,,,,,,,,,,,,,,,,,,,,,,,,,,,,,,,,,,,,,,,,,,,,,,,,,,OCD Specialist,40,4 years,,140
2020-11-16 11:15:39,2020-11-16 11:18:40,IP Address,108.53.86.85,100,180,True,2020-11-16 11:18:40,R_1LB5FyZxL5PH5fh,,,,,40.64959716796875,-74.35050201416015625,anonymous,EN,,,,,,,,,,,,,,,,,,,,,,,,,,,,,,,,,,,,,,,,,,,,,,,,,,,,,,,,,,,,,,,,,,,,,,,,,,,,,,,,,,,,,,,,,,,,,,,,,,,,,,,,,,,,,Slightly Disagree,Disagree,Agree,Strongly Disagree,Slightly Agree,Disagree,Agree,Agree,Strongly Agree,Strongly Agree,Disagree,Strongly Agree,Agree,Slightly Disagree,Strongly Agree,Slightly Agree,Agree,Strongly Agree,Agree,Disagree,Strongly Agree,Agree,Strongly Agree,Agree,,Slightly Disagree,Agree,Slightly Disagree,Agree,Strongly Agree,Strongly Agree,Slightly Agree,Strongly Agree,Strongly Agree,Strongly Agree,Agree,Learning & Development Associate,15,"6 months ",,88
2020-11-16 11:21:16,2020-11-16 11:23:53,IP Address,108.18.158.175,100,156,True,2020-11-16 11:23:53,R_p5FqBcqNIC41TQ5,,,,,38.8184051513671875,-77.62020111083984375,anonymous,EN,,,,,,,,,,,,,,,,,,,,,,,,,,,,,,,,,,,,,,,,,,,,,,,,,,,,,,,,,,,,,,,,,,,,,,,,,,,,,,,,,,,,,,,,,,,,,,,,,,,,,,,,,,,,,Disagree,Slightly Disagree,Slightly Disagree,Slightly Agree,Slightly Disagree,Slightly Disagree,Slightly Agree,Slightly Disagree,Slightly Agree,Agree,Slightly Disagree,Disagree,Slightly Agree,Agree,Strongly Agree,Disagree,Agree,Slightly Agree,Agree,Slightly Agree,Strongly Agree,Slightly Agree,Strongly Agree,Slightly Agree,Disagree,Slightly Disagree,Strongly Agree,Disagree,Disagree,Agree,Agree,Strongly Agree,Strongly Agree,Strongly Agree,Strongly Agree,Slightly Agree,partner,50,1 year,,99
2020-11-16 11:21:39,2020-11-16 11:24:11,IP Address,71.224.194.64,100,152,True,2020-11-16 11:24:11,R_3MJM4XT7lVC1IMV,,,,,40.002105712890625,-75.27239990234375,anonymous,EN,,,,,,,,,,,,,,,,,,,,,,,,,,,,,,,,,,,,,,,,,,,,,,,,,,,,,,,,,,,,,,,,,,,,,,,,,Agree,Disagree,Slightly Agree,Slightly Disagree,Slightly Disagree,Agree,Agree,Slightly Disagree,Slightly Disagree,Agree,Slightly Agree,Disagree,Slightly Agree,Disagree,Slightly Agree,Slightly Agree,Disagree,Slightly Disagree,Slightly Agree,Slightly Disagree,Slightly Agree,Agree,Agree,Slightly Agree,Slightly Disagree,Agree,Slightly Disagree,Agree,Agree,Strongly Agree,Slightly Agree,Slightly Agree,Agree,Agree,Strongly Agree,Strongly Agree,,,,,,,,,,,,,,,,,,,,,,,,,,,,,,,,,,,,,Associate Economist,40,4 months,"Since I have only been here a short period of time, my experience with this company has been entirely virtual",87
2020-11-16 11:28:08,2020-11-16 11:30:18,IP Address,69.138.219.41,100,130,True,2020-11-16 11:30:19,R_2qk5BjyBgieU79W,,,,,38.920806884765625,-77.03600311279296875,anonymous,EN,,,,,,,,,,,,,,,,,,,,,,,,,,,,,,,,,,,,,Agree,Strongly Agree,Agree,Slightly Agree,Agree,Disagree,Agree,Disagree,Disagree,Agree,Slightly Agree,Agree,Slightly Agree,Slightly Disagree,Slightly Agree,Agree,Agree,Agree,Agree,Slightly Agree,Agree,Strongly Agree,Agree,Agree,Strongly Agree,Agree,Slightly Agree,Agree,Agree,Disagree,Agree,Slightly Disagree,Agree,Agree,Agree,Agree,,,,,,,,,,,,,,,,,,,,,,,,,,,,,,,,,,,,,,,,,,,,,,,,,,,,,,,,,,,,,,,,,,,,,,,,,Associate,50,2 years,,143
2020-11-16 11:28:14,2020-11-16 11:31:36,IP Address,68.204.34.14,100,202,True,2020-11-16 11:31:36,R_3fcn1GeAGE9SVE1,,,,,28.712005615234375,-81.35520172119140625,anonymous,EN,Agree,Agree,Strongly Agree,Slightly Agree,Agree,Agree,Slightly Agree,Agree,Agree,Agree,Agree,Agree,Slightly Disagree,Slightly Agree,Slightly Agree,Disagree,Slightly Disagree,Agree,Agree,Slightly Agree,Strongly Agree,Agree,Strongly Agree,Slightly Agree,Slightly Disagree,Slightly Disagree,,Slightly Agree,Agree,Slightly Disagree,Slightly Disagree,Slightly Agree,Slightly Disagree,Slightly Agree,Slightly Agree,Slightly Agree,,,,,,,,,,,,,,,,,,,,,,,,,,,,,,,,,,,,,,,,,,,,,,,,,,,,,,,,,,,,,,,,,,,,,,,,,,,,,,,,,,,,,,,,,,,,,,,,,,,,,,,,,,,,,Analyst,40,1 year,,138
2020-11-16 11:31:23,2020-11-16 11:36:31,IP Address,69.219.216.130,100,308,True,2020-11-16 11:36:31,R_DbEBQaSHVrTkOit,,,,,41.8950958251953125,-87.8159027099609375,anonymous,EN,,,,,,,,,,,,,,,,,,,,,,,,,,,,,,,,,,,,,Disagree,Strongly Agree,Slightly Agree,Strongly Agree,Strongly Agree,Disagree,Disagree,Disagree,Slightly Disagree,Disagree,Strongly Agree,Strongly Disagree,Disagree,Disagree,Agree,Slightly Disagree,Slightly Agree,Slightly Agree,Strongly Agree,Strongly Agree,Strongly Agree,Strongly Agree,Strongly Agree,Agree,Slightly Disagree,Agree,Slightly Agree,Slightly Agree,Slightly Agree,Agree,Slightly Agree,Agree,Agree,Agree,Slightly Disagree,Slightly Disagree,,,,,,,,,,,,,,,,,,,,,,,,,,,,,,,,,,,,,,,,,,,,,,,,,,,,,,,,,,,,,,,,,,,,,,,,,Director for Civic Learning,50,9 years,,93
2020-11-16 11:54:23,2020-11-16 11:58:48,IP Address,68.46.51.179,100,265,True,2020-11-16 11:58:49,R_2Tz6i5Ew91f3eqe,,,,,45.1280059814453125,-93.4586029052734375,anonymous,EN,,,,,,,,,,,,,,,,,,,,,,,,,,,,,,,,,,,,,,,,,,,,,,,,,,,,,,,,,,,,,,,,,,,,,,,,,Slightly Disagree,Agree,Agree,Agree,Slightly Agree,Slightly Disagree,Slightly Agree,Slightly Agree,Slightly Disagree,Slightly Agree,Agree,Slightly Disagree,Slightly Disagree,Slightly Agree,Slightly Disagree,Slightly Agree,Slightly Agree,Agree,Slightly Disagree,Slightly Disagree,Slightly Agree,Agree,Slightly Agree,Slightly Agree,Agree,Slightly Disagree,Slightly Disagree,Agree,Agree,Agree,Agree,Slightly Agree,Agree,Agree,Agree,Agree,,,,,,,,,,,,,,,,,,,,,,,,,,,,,,,,,,,,,Operations Director,40,8 years,None at this time.,101
2020-11-16 12:03:57,2020-11-16 12:09:09,IP Address,75.72.245.137,100,312,True,2020-11-16 12:09:09,R_3hFRZfWrKYvBgZP,,,,,44.8993072509765625,-92.9272003173828125,anonymous,EN,Disagree,Agree,Agree,Slightly Disagree,Slightly Agree,Slightly Disagree,Agree,Slightly Agree,Strongly Agree,Disagree,Agree,Slightly Agree,Agree,Slightly Agree,Agree,Slightly Disagree,Strongly Agree,Slightly Agree,Agree,Agree,Slightly Agree,Agree,Agree,Slightly Agree,Slightly Disagree,Slightly Agree,Slightly Disagree,Slightly Disagree,Slightly Agree,Agree,Agree,Agree,Disagree,Agree,Slightly Agree,Slightly Agree,,,,,,,,,,,,,,,,,,,,,,,,,,,,,,,,,,,,,,,,,,,,,,,,,,,,,,,,,,,,,,,,,,,,,,,,,,,,,,,,,,,,,,,,,,,,,,,,,,,,,,,,,,,,,HR Talent Planning and Assessment Analyst,45,3 years,,150
2020-11-16 12:07:56,2020-11-16 12:13:28,IP Address,166.137.19.41,100,331,True,2020-11-16 12:13:28,R_3R4bnuRd8zNVi5f,,,,,37.751007080078125,-97.82199859619140625,anonymous,EN,,,,,,,,,,,,,,,,,,,,,,,,,,,,,,,,,,,,,,,,,,,,,,,,,,,,,,,,,,,,,,,,,,,,,,,,,,,,,,,,,,,,,,,,,,,,,,,,,,,,,,,,,,,,,Slightly Disagree,Strongly Agree,Strongly Disagree,Strongly Agree,Strongly Agree,Slightly Disagree,Strongly Agree,Strongly Agree,Strongly Disagree,Strongly Agree,Strongly Agree,Strongly Agree,Slightly Disagree,Strongly Agree,Slightly Agree,Strongly Agree,Strongly Agree,Strongly Agree,Agree,Agree,Agree,Slightly Disagree,Strongly Agree,Strongly Agree,Strongly Disagree,Agree,Strongly Agree,Slightly Disagree,Agree,Strongly Agree,Strongly Agree,Strongly Agree,Agree,Strongly Agree,Strongly Agree,Strongly Agree,"NURSE PRACTITIONER ",30,1 month,0,52
2020-11-16 12:15:55,2020-11-16 12:19:06,IP Address,69.136.93.236,100,190,True,2020-11-16 12:19:06,R_cMWp9w100m95ORH,,,,,40.0218048095703125,-75.26309967041015625,anonymous,EN,,,,,,,,,,,,,,,,,,,,,,,,,,,,,,,,,,,,,,,,,,,,,,,,,,,,,,,,,,,,,,,,,,,,,,,,,Disagree,Slightly Disagree,Slightly Disagree,Slightly Agree,Slightly Agree,Slightly Disagree,Strongly Agree,Slightly Agree,Slightly Agree,Agree,Slightly Agree,Disagree,Slightly Disagree,Slightly Disagree,Disagree,Slightly Disagree,Agree,Agree,Agree,Disagree,Agree,Agree,Strongly Agree,Disagree,Agree,Strongly Agree,Disagree,Agree,Agree,Agree,Agree,Agree,Agree,Agree,Agree,Agree,,,,,,,,,,,,,,,,,,,,,,,,,,,,,,,,,,,,,Senior Associate,45,14 months,,96
2020-11-16 12:16:09,2020-11-16 12:21:17,IP Address,66.58.154.189,100,308,True,2020-11-16 12:21:18,R_2Bm0hx6mZjAIs92,,,,,61.0988006591796875,-149.8076934814453125,anonymous,EN,,,,,,,,,,,,,,,,,,,,,,,,,,,,,,,,,,,,,Disagree,Slightly Agree,Agree,Slightly Agree,Strongly Agree,Agree,Slightly Disagree,Slightly Disagree,Slightly Agree,Slightly Disagree,Slightly Agree,Slightly Agree,Slightly Disagree,Slightly Disagree,Slightly Agree,Slightly Disagree,Agree,Slightly Agree,Strongly Agree,Disagree,Slightly Agree,Strongly Agree,Strongly Agree,Agree,Agree,Slightly Agree,Disagree,Slightly Agree,Strongly Agree,Agree,Strongly Agree,Strongly Agree,Strongly Agree,Slightly Agree,Agree,Agree,,,,,,,,,,,,,,,,,,,,,,,,,,,,,,,,,,,,,,,,,,,,,,,,,,,,,,,,,,,,,,,,,,,,,,,,,"Professor ",50,11 years,,108
2020-11-16 12:19:25,2020-11-16 12:25:05,IP Address,24.179.192.41,100,339,True,2020-11-16 12:25:05,R_6Pv3NNTwF3g2ced,,,,,45.57220458984375,-94.20420074462890625,anonymous,EN,Agree,Disagree,Agree,Slightly Agree,Agree,Agree,Strongly Agree,Slightly Agree,Agree,Agree,Strongly Agree,Strongly Agree,Strongly Agree,Disagree,Slightly Agree,Disagree,Agree,Slightly Agree,Agree,Disagree,Agree,Agree,Strongly Agree,Agree,Slightly Disagree,Strongly Disagree,Slightly Agree,Agree,Slightly Agree,Slightly Agree,Strongly Disagree,Slightly Agree,Agree,Agree,Strongly Agree,Strongly Agree,,,,,,,,,,,,,,,,,,,,,,,,,,,,,,,,,,,,,,,,,,,,,,,,,,,,,,,,,,,,,,,,,,,,,,,,,,,,,,,,,,,,,,,,,,,,,,,,,,,,,,,,,,,,,College Professor,50-60,20 years,,127
2020-11-16 12:19:41,2020-11-16 12:26:00,IP Address,162.225.87.210,100,379,True,2020-11-16 12:26:00,R_2WvhxaUMfbQu42k,,,,,29.7449951171875,-95.73259735107421875,anonymous,EN,,,,,,,,,,,,,,,,,,,,,,,,,,,,,,,,,,,,,,,,,,,,,,,,,,,,,,,,,,,,,,,,,,,,,,,,,,,,,,,,,,,,,,,,,,,,,,,,,,,,,,,,,,,,,Agree,Slightly Agree,Agree,Slightly Disagree,Agree,Disagree,Slightly Agree,Agree,Disagree,Disagree,Slightly Agree,Agree,Agree,Slightly Agree,Agree,Slightly Agree,Agree,Slightly Agree,Agree,Slightly Disagree,Slightly Disagree,Slightly Agree,Agree,Agree,Agree,Slightly Disagree,Slightly Agree,Slightly Agree,Slightly Disagree,Agree,Strongly Agree,Strongly Agree,Strongly Agree,Slightly Agree,Agree,Agree,Massage Therapist,32,1.5 years,"Some of these questions don't apply very well to many jobs. For instance, in most jobs I have been in, we just don't think in terms of ""projects"", and contributions to the success of the organization are purely in the form of help for the clients. ",136
2020-11-16 12:23:36,2020-11-16 12:28:34,IP Address,76.237.93.84,100,298,True,2020-11-16 12:28:34,R_3im3k1qACSzpxaU,,,,,32.999298095703125,-96.83460235595703125,anonymous,EN,,,,,,,,,,,,,,,,,,,,,,,,,,,,,,,,,,,,,Disagree,Slightly Agree,Agree,Slightly Agree,Slightly Disagree,Strongly Disagree,Disagree,Strongly Disagree,Slightly Disagree,Slightly Agree,Strongly Agree,Agree,Slightly Agree,Disagree,Agree,Agree,Strongly Agree,Agree,Strongly Agree,Disagree,Agree,Strongly Agree,Strongly Agree,Strongly Agree,Strongly Agree,Strongly Agree,Disagree,Strongly Agree,Strongly Agree,Strongly Agree,Strongly Agree,Strongly Agree,Strongly Agree,Strongly Agree,Strongly Agree,Agree,,,,,,,,,,,,,,,,,,,,,,,,,,,,,,,,,,,,,,,,,,,,,,,,,,,,,,,,,,,,,,,,,,,,,,,,,"Vice President ",45,8 years,NA,69
2020-11-16 12:27:05,2020-11-16 12:29:02,IP Address,73.247.40.142,100,117,True,2020-11-16 12:29:03,R_3P60ixqOpgz82Cd,,,,,42.36669921875,-88.092498779296875,anonymous,EN,,,,,,,,,,,,,,,,,,,,,,,,,,,,,,,,,,,,,,,,,,,,,,,,,,,,,,,,,,,,,,,,,,,,,,,,,,,,,,,,,,,,,,,,,,,,,,,,,,,,,,,,,,,,,,,,,,,,,,,,,,,,,,,,,,,,,,,,,,,,,,,,,,,,,
2020-11-16 12:32:52,2020-11-16 12:37:04,IP Address,73.9.20.5,100,251,True,2020-11-16 12:37:04,R_1gRvKWqVLWdNUtG,,,,,42.2852935791015625,-87.9532012939453125,anonymous,EN,,,,,,,,,,,,,,,,,,,,,,,,,,,,,,,,,,,,,,,,,,,,,,,,,,,,,,,,,,,,,,,,,,,,,,,,,,,,,,,,,,,,,,,,,,,,,,,,,,,,,,,,,,,,,Slightly Disagree,Slightly Disagree,Strongly Agree,Agree,Slightly Disagree,Strongly Disagree,Disagree,Agree,Agree,Agree,Slightly Disagree,Agree,Slightly Disagree,Slightly Agree,Strongly Agree,Slightly Agree,Agree,Agree,Agree,Disagree,Strongly Agree,Agree,Strongly Agree,Strongly Agree,Agree,Agree,Slightly Disagree,Slightly Disagree,Agree,Strongly Agree,Strongly Agree,Slightly Agree,Agree,Strongly Agree,Strongly Agree,Strongly Agree,"Director, Global Prescribing Information Management",48,7 years,N/A,103
2020-11-16 12:38:24,2020-11-16 12:43:36,IP Address,63.142.186.122,100,312,True,2020-11-16 12:43:37,R_3MFMtpYhhkuiINO,,,,,46.6031036376953125,-95.5818023681640625,anonymous,EN,,,,,,,,,,,,,,,,,,,,,,,,,,,,,,,,,,,,,,,,,,,,,,,,,,,,,,,,,,,,,,,,,,,,,,,,,Disagree,Disagree,Agree,Strongly Disagree,Strongly Disagree,Slightly Agree,Slightly Disagree,Slightly Agree,Strongly Disagree,Disagree,Agree,Strongly Disagree,Slightly Agree,Slightly Agree,Disagree,Slightly Agree,Slightly Agree,Slightly Agree,Slightly Disagree,Slightly Agree,Agree,Slightly Disagree,Agree,Agree,Slightly Agree,Slightly Disagree,Slightly Agree,Slightly Disagree,Agree,Slightly Disagree,Agree,Agree,Strongly Agree,Agree,Slightly Agree,Strongly Agree,,,,,,,,,,,,,,,,,,,,,,,,,,,,,,,,,,,,,Behavior Analyst Program Assistant,40,4 years,"Answers to these questions vary depending on the workload of the day and who I am working with. ",98
2020-11-16 12:41:20,2020-11-16 12:44:34,IP Address,204.232.119.50,100,194,True,2020-11-16 12:44:35,R_UH2HwdX8Rg4o9r3,,,,,26.93499755859375,-80.1177978515625,anonymous,EN,Disagree,Agree,Agree,Slightly Agree,Agree,Agree,Agree,Slightly Agree,Agree,Agree,Agree,Slightly Agree,Disagree,Agree,Agree,Slightly Agree,Slightly Disagree,Agree,Agree,Slightly Agree,Slightly Agree,Agree,Agree,Agree,Agree,Slightly Agree,Slightly Disagree,Agree,Slightly Agree,Slightly Agree,Slightly Agree,Agree,Agree,Disagree,Slightly Agree,Disagree,,,,,,,,,,,,,,,,,,,,,,,,,,,,,,,,,,,,,,,,,,,,,,,,,,,,,,,,,,,,,,,,,,,,,,,,,,,,,,,,,,,,,,,,,,,,,,,,,,,,,,,,,,,,,Tax accountant,45,1.5 years,,153
2020-11-16 12:42:13,2020-11-16 12:46:29,IP Address,172.58.236.73,100,256,True,2020-11-16 12:46:30,R_1JPC7YToy6ycgLS,,,,,40.76409912109375,-74.16539764404296875,anonymous,EN,,,,,,,,,,,,,,,,,,,,,,,,,,,,,,,,,,,,,,,,,,,,,,,,,,,,,,,,,,,,,,,,,,,,,,,,,,,,,,,,,,,,,,,,,,,,,,,,,,,,,,,,,,,,,Agree,Agree,Agree,Agree,Disagree,Slightly Disagree,Slightly Disagree,Agree,Slightly Agree,Slightly Disagree,Strongly Disagree,Agree,Slightly Agree,Agree,Agree,Agree,Strongly Agree,Agree,Strongly Agree,Disagree,Strongly Agree,Strongly Agree,Strongly Agree,Strongly Agree,Strongly Agree,,Slightly Agree,Slightly Agree,Strongly Agree,Agree,Strongly Agree,Agree,Agree,Agree,Strongly Agree,Strongly Agree,Key Holder at Volcom,15-20,5 months,,100
2020-11-16 12:39:56,2020-11-16 12:48:55,IP Address,73.53.78.220,100,539,True,2020-11-16 12:48:56,R_UXPliHFV7fzuZMZ,,,,,47.61309814453125,-122.20529937744140625,anonymous,EN,,,,,,,,,,,,,,,,,,,,,,,,,,,,,,,,,,,,,Slightly Agree,Disagree,Agree,Disagree,Agree,Agree,Agree,Slightly Disagree,Slightly Agree,Agree,Agree,Slightly Agree,Slightly Agree,Disagree,Slightly Disagree,Slightly Agree,Agree,Slightly Disagree,Agree,Disagree,Agree,Agree,Agree,Agree,Agree,Agree,Slightly Disagree,Agree,Agree,Agree,Agree,Agree,Agree,Agree,Agree,Agree,,,,,,,,,,,,,,,,,,,,,,,,,,,,,,,,,,,,,,,,,,,,,,,,,,,,,,,,,,,,,,,,,,,,,,,,,Associate,40-60,9 months,"I think most of my responses are also impacted by external factors... I love my job, but 2020 has made it very difficult to be excited or invested in anything.",155
2020-11-16 12:50:23,2020-11-16 12:54:01,IP Address,107.72.178.211,100,218,True,2020-11-16 12:54:02,R_2pJDtjxboAV6SxX,,,,,25.78070068359375,-80.295196533203125,anonymous,EN,,,,,,,,,,,,,,,,,,,,,,,,,,,,,,,,,,,,,Slightly Agree,Strongly Disagree,Strongly Agree,Disagree,Slightly Agree,Strongly Disagree,Slightly Disagree,Slightly Disagree,Disagree,Strongly Agree,Agree,Slightly Disagree,Slightly Agree,Slightly Disagree,Disagree,Agree,Slightly Disagree,Slightly Agree,Slightly Disagree,Slightly Disagree,Slightly Agree,Slightly Agree,Strongly Agree,Slightly Agree,Strongly Disagree,Slightly Agree,Agree,Slightly Disagree,Slightly Agree,Strongly Agree,Slightly Agree,Slightly Agree,Slightly Agree,Agree,Slightly Agree,Strongly Agree,,,,,,,,,,,,,,,,,,,,,,,,,,,,,,,,,,,,,,,,,,,,,,,,,,,,,,,,,,,,,,,,,,,,,,,,,,,,,105
2020-11-16 12:58:15,2020-11-16 13:01:57,IP Address,24.59.213.244,100,221,True,2020-11-16 13:01:57,R_2royKAgxVFkOIaS,,,,,43.07470703125,-77.518096923828125,anonymous,EN,,,,,,,,,,,,,,,,,,,,,,,,,,,,,,,,,,,,,,,,,,,,,,,,,,,,,,,,,,,,,,,,,,,,,,,,,Strongly Agree,Slightly Disagree,Strongly Agree,Disagree,Strongly Disagree,Strongly Agree,Strongly Agree,Strongly Disagree,Strongly Agree,Strongly Agree,Agree,Strongly Agree,Strongly Agree,Strongly Agree,Strongly Agree,Strongly Agree,Strongly Agree,Strongly Disagree,Strongly Agree,Strongly Agree,Strongly Agree,Strongly Agree,Strongly Agree,Strongly Agree,Strongly Disagree,Slightly Agree,Strongly Agree,Slightly Agree,Slightly Agree,Strongly Agree,Slightly Agree,Agree,Agree,Strongly Agree,Agree,Strongly Agree,,,,,,,,,,,,,,,,,,,,,,,,,,,,,,,,,,,,,Restaurant manager,40+,5 years,,37
2020-11-16 13:03:50,2020-11-16 13:08:13,IP Address,174.228.32.140,100,263,True,2020-11-16 13:08:13,R_3EEUJfyuaVu04Q5,,,,,27.9589996337890625,-82.49379730224609375,anonymous,EN,,,,,,,,,,,,,,,,,,,,,,,,,,,,,,,,,,,,,,,,,,,,,,,,,,,,,,,,,,,,,,,,,,,,,,,,,,,,,,,,,,,,,,,,,,,,,,,,,,,,,,,,,,,,,Slightly Disagree,Agree,Slightly Disagree,Strongly Agree,Slightly Agree,Slightly Agree,Slightly Agree,Slightly Agree,Slightly Agree,Agree,Slightly Disagree,Slightly Agree,Slightly Disagree,Slightly Agree,Slightly Agree,Slightly Disagree,Agree,Slightly Agree,Slightly Agree,Agree,Strongly Agree,Slightly Agree,Strongly Agree,Agree,Agree,Slightly Disagree,Slightly Agree,Slightly Agree,Strongly Agree,Agree,Agree,Slightly Disagree,Agree,Agree,Strongly Agree,Strongly Agree,Director,50,4 years,,123
2020-11-16 13:34:31,2020-11-16 13:38:01,IP Address,70.106.182.62,100,209,True,2020-11-16 13:38:01,R_1PbYmniC1DTyCoU,,,,,39.0126953125,-77.53420257568359375,anonymous,EN,,,,,,,,,,,,,,,,,,,,,,,,,,,,,,,,,,,,,Slightly Agree,Slightly Disagree,Agree,Slightly Disagree,Agree,Disagree,Agree,Slightly Disagree,Slightly Disagree,Slightly Agree,Agree,Slightly Agree,Slightly Agree,Slightly Agree,Slightly Disagree,Agree,Slightly Agree,Slightly Agree,Slightly Agree,Slightly Disagree,Agree,Agree,Agree,Slightly Agree,Agree,Disagree,Slightly Agree,Slightly Disagree,Agree,Slightly Disagree,Agree,Agree,Agree,Slightly Agree,Agree,Slightly Disagree,,,,,,,,,,,,,,,,,,,,,,,,,,,,,,,,,,,,,,,,,,,,,,,,,,,,,,,,,,,,,,,,,,,,,,,,,Parent Liaison,20,4 years,,145
2020-11-16 13:38:13,2020-11-16 13:54:34,IP Address,198.144.7.82,100,980,True,2020-11-16 13:54:34,R_eDJwS9EyjV1dLqx,,,,,44.951202392578125,-93.09020233154296875,anonymous,EN,Disagree,Slightly Disagree,Agree,Slightly Disagree,Slightly Agree,Slightly Agree,Agree,Disagree,Agree,Slightly Agree,Agree,Slightly Agree,Agree,Slightly Agree,Disagree,Disagree,Agree,Agree,Strongly Agree,Slightly Agree,Agree,Strongly Agree,Agree,Agree,Slightly Disagree,Disagree,Disagree,Slightly Agree,Slightly Agree,Slightly Disagree,Slightly Agree,Slightly Agree,Disagree,Disagree,Agree,Disagree,,,,,,,,,,,,,,,,,,,,,,,,,,,,,,,,,,,,,,,,,,,,,,,,,,,,,,,,,,,,,,,,,,,,,,,,,,,,,,,,,,,,,,,,,,,,,,,,,,,,,,,,,,,,,,,,,131
2020-11-16 13:52:24,2020-11-16 13:55:23,IP Address,172.58.102.253,100,179,True,2020-11-16 13:55:24,R_1r0u7WrcMsv7xhY,,,,,29.7953033447265625,-95.49680328369140625,anonymous,EN,,,,,,,,,,,,,,,,,,,,,,,,,,,,,,,,,,,,,,,,,,,,,,,,,,,,,,,,,,,,,,,,,,,,,,,,,Disagree,Disagree,Agree,Disagree,Strongly Agree,Slightly Disagree,Slightly Disagree,Slightly Agree,Disagree,Slightly Agree,Slightly Agree,Disagree,Disagree,Slightly Disagree,Slightly Disagree,Slightly Agree,Agree,Slightly Agree,Slightly Agree,Slightly Agree,Slightly Agree,Agree,Strongly Agree,Slightly Agree,Agree,Slightly Agree,Slightly Disagree,Agree,Agree,Agree,Agree,Agree,Agree,Agree,Agree,Slightly Agree,,,,,,,,,,,,,,,,,,,,,,,,,,,,,,,,,,,,,Industrial hygiene manager,40,6 years,No,108
2020-11-16 14:00:05,2020-11-16 14:05:03,IP Address,23.30.241.17,100,298,True,2020-11-16 14:05:04,R_2sRdyz5IRkosMvW,,,,,44.9947967529296875,-93.25479888916015625,anonymous,EN,,,,,,,,,,,,,,,,,,,,,,,,,,,,,,,,,,,,,Strongly Disagree,Agree,Disagree,Strongly Agree,Strongly Disagree,Strongly Disagree,Slightly Disagree,Strongly Disagree,Strongly Disagree,Strongly Agree,Agree,Disagree,Strongly Disagree,Strongly Agree,Strongly Disagree,Strongly Disagree,Disagree,Strongly Disagree,Disagree,Strongly Disagree,Strongly Disagree,Strongly Disagree,Strongly Disagree,Strongly Disagree,Slightly Disagree,Disagree,Strongly Agree,Disagree,Strongly Disagree,Strongly Disagree,Disagree,Strongly Disagree,Slightly Disagree,Disagree,Strongly Disagree,Strongly Disagree,,,,,,,,,,,,,,,,,,,,,,,,,,,,,,,,,,,,,,,,,,,,,,,,,,,,,,,,,,,,,,,,,,,,,,,,,"Sales ",45-50,3 yeats,,54
2020-11-16 14:19:16,2020-11-16 14:25:44,IP Address,172.58.145.18,100,388,True,2020-11-16 14:25:45,R_338xA4F2ghSGvBU,,,,,38.160797119140625,-85.78070068359375,anonymous,EN,Slightly Agree,Strongly Agree,Slightly Agree,Strongly Disagree,Agree,Strongly Disagree,Strongly Disagree,Strongly Agree,Agree,Slightly Agree,Agree,Agree,Disagree,Disagree,Slightly Disagree,Disagree,Agree,Agree,Agree,Slightly Disagree,Agree,Slightly Agree,Slightly Agree,Slightly Disagree,Slightly Disagree,Strongly Agree,Strongly Disagree,Disagree,Disagree,Disagree,Agree,Slightly Agree,Slightly Disagree,Strongly Disagree,Strongly Disagree,Disagree,,,,,,,,,,,,,,,,,,,,,,,,,,,,,,,,,,,,,,,,,,,,,,,,,,,,,,,,,,,,,,,,,,,,,,,,,,,,,,,,,,,,,,,,,,,,,,,,,,,,,,,,,,,,,High school teacher,45,8 years,:),110
2020-11-16 14:32:03,2020-11-16 14:36:25,IP Address,107.117.161.116,100,261,True,2020-11-16 14:36:25,R_2D2JlUJtmoMJ6Yg,,,,,40.831207275390625,-73.90670013427734375,anonymous,EN,,,,,,,,,,,,,,,,,,,,,,,,,,,,,,,,,,,,,,,,,,,,,,,,,,,,,,,,,,,,,,,,,,,,,,,,,Slightly Agree,Disagree,Strongly Agree,Disagree,Slightly Agree,Disagree,Strongly Agree,Slightly Disagree,Agree,Agree,Agree,Slightly Disagree,Agree,Slightly Agree,Agree,Agree,Strongly Agree,Slightly Agree,Strongly Agree,Slightly Agree,Agree,Strongly Agree,Agree,Strongly Agree,Strongly Agree,Disagree,Slightly Agree,Agree,Strongly Agree,Agree,Strongly Agree,Strongly Agree,Agree,Strongly Agree,Agree,Slightly Disagree,,,,,,,,,,,,,,,,,,,,,,,,,,,,,,,,,,,,,Management and Program Analyst,40,10 years,"Trump has an impact on my scores. I AM A FEDERAL employee and politucs has a huge impact on us. Email me if you want to discuss more. Cpingor@gmail.com ",72
2020-11-16 14:39:26,2020-11-16 14:46:31,IP Address,73.125.40.82,100,424,True,2020-11-16 14:46:31,R_UKkqE0wE3lQjWjD,,,,,26.3480072021484375,-80.14980316162109375,anonymous,EN,,,,,,,,,,,,,,,,,,,,,,,,,,,,,,,,,,,,,,,,,,,,,,,,,,,,,,,,,,,,,,,,,,,,,,,,,,,,,,,,,,,,,,,,,,,,,,,,,,,,,,,,,,,,,Slightly Disagree,Strongly Agree,Agree,Slightly Agree,Agree,Slightly Disagree,Strongly Agree,Slightly Agree,Agree,Agree,Slightly Disagree,Strongly Agree,Slightly Agree,Slightly Agree,Strongly Agree,Slightly Agree,Agree,Strongly Agree,Strongly Agree,Disagree,Agree,Strongly Agree,Strongly Agree,Strongly Agree,Slightly Agree,Agree,Strongly Agree,Slightly Disagree,Slightly Agree,Agree,Strongly Agree,Disagree,Strongly Agree,Strongly Agree,Agree,Agree,"Parental Leave Specialist ",45,"2.5 years ","If I were answering these questions 2 months ago before I switched roles within my organization, my answers would have been much different. I transitioned from a sales role to corporate and am so much happier now. I believe you must be passionate about your day to day tasks in order to stay motivated throughout the workday. I also strongly believe that you must “know where you stand” with your leadership and feel supported in order to be fully engaged throughout the day and make steps toward future career goals. I believe passion, purpose, and strong leadership make for a happy and healthy employee, physically, mentally and financially. ",94
2020-11-16 14:42:00,2020-11-16 14:48:48,IP Address,100.35.98.72,100,407,True,2020-11-16 14:48:48,R_3pnA581RLhHaVJD,,,,,40.76409912109375,-74.16539764404296875,anonymous,EN,Disagree,Agree,Slightly Agree,Agree,Agree,Slightly Agree,Slightly Agree,Slightly Disagree,Agree,Slightly Agree,Agree,Agree,Agree,Disagree,Disagree,Slightly Agree,Slightly Disagree,Slightly Disagree,Agree,Slightly Disagree,Agree,Slightly Agree,Agree,Slightly Agree,Slightly Agree,Slightly Agree,Disagree,Slightly Disagree,Agree,Agree,Disagree,Slightly Agree,Agree,Disagree,Agree,Disagree,,,,,,,,,,,,,,,,,,,,,,,,,,,,,,,,,,,,,,,,,,,,,,,,,,,,,,,,,,,,,,,,,,,,,,,,,,,,,,,,,,,,,,,,,,,,,,,,,,,,,,,,,,,,,Funeral Home Represenative,40,2 years,The 2 questions that followed each other about mentally detaching from work seemed repetitive. It seemed to be asking the same question.,139
2020-11-16 14:46:31,2020-11-16 14:49:36,IP Address,172.58.173.248,100,184,True,2020-11-16 14:49:36,R_qxNuo7LwDiQYFwJ,,,,,28.57879638671875,-81.43959808349609375,anonymous,EN,,,,,,,,,,,,,,,,,,,,,,,,,,,,,,,,,,,,,Slightly Disagree,Slightly Agree,Slightly Agree,Slightly Agree,Agree,Strongly Agree,Agree,Disagree,Disagree,Strongly Agree,Slightly Agree,Slightly Agree,Slightly Disagree,Agree,Slightly Disagree,Slightly Disagree,Agree,Slightly Agree,Agree,Strongly Agree,Slightly Agree,Agree,Agree,Slightly Agree,Agree,Agree,Slightly Agree,Agree,Agree,Agree,Agree,Agree,Agree,Strongly Agree,Agree,Slightly Agree,,,,,,,,,,,,,,,,,,,,,,,,,,,,,,,,,,,,,,,,,,,,,,,,,,,,,,,,,,,,,,,,,,,,,,,,,Escrow Officer,40-50,"4 1/2 years ",,136
