"","Duration (in seconds)","I enjoy thinking about work even when I’m not at work.","Most days, I feel happiest when the workday is soon to be complete.","I am happiest when I am immersed in a project.","I love starting my workday.","I enjoy spending time completing my job tasks.","Most days I feel enthusiastic about starting my work day.","I feel motivated to go beyond what is asked of me.","This job drains my energy.","I am proud to be a member of this organization.","I feel supported by my supervisor when I fail at a task.","I feel proud of my accomplishments within this organization.","My job makes me feel like I’m part of something meaningful.","I devote more time than is expected of me.","I have to be reminded to take breaks while I’m at work.","I never miss a work deadline.","I never allow distractions to interfere with my work.","When work is slow I find ways to be productive.","I express enthusiasm for my job while at work.","I try my best to perform well at work.","If I notice my energy level is low, I take corrective steps to re-energize.","I make valued contributions to the organization.","I embrace challenging situations at work.","I speak positively about this organization to others.","This organization provides the resources necessary for me to successfully perform my job.","I devote my full attention to my work tasks throughout the day.","Thinking about work saps my energy.","I would rather direct my focus toward a work task than a personal task.","I’m able to maintain good levels of energy throughout the workday.","I plan my future with this company.","I believe this company cares about my career goals.","I often think about finding another job.","This organization challenges me to work at my full potential.","I’m able to concentrate on my work without distractions.","I have a hard time detaching mentally from my work.","Time passes quickly while I’m working.","I find it difficult to mentally disconnect from work.","What is the title of the job you were thinking about while responding to this survey?","How many hours do you typically work per week in this job?","How long have you been with this organization?","Any general comments or reactions you'd care to share with the scale development team?","Condition"
"8","260","3","4","5","3","5","5","5","3","6","5","5","5","5","5","6","4","5","5","6","3","5","5","4","6","4","2","5","3","4","6","2","5","4","4","4","4","Professional development associate ","55","6 months ",NA,1
"13","437","4","5","4","3","5","4","5","4","5","4","5","5","5","5","3","2","4","5","5","4","5","5","5","4","4","4","3","4","5","5","4","5","4","5","5","5","VP of Business Intelligence","60","7 years","I would answer differently if it wasn't wfh during covid",1
"17","301","3","4","5","4","5","5","5","3","5","5","6","5","6","3","6","2","6","5","6","5","6","6","5","6","5","2","1","5","5","6","2","6","6","3","5","3","Senior Analyst","45","2.5 years",NA,1
"23","231","1","4","4","2","4","4","4","5","3","4","4","3","2","2","5","3","3","4","5","5","4","4","3","5","4","4","4","5","1","2","5","4","5","2","5","2","Front end associate","25-30","6 months",NA,1
"25","441","2","6","4","2","3","3","1","6","3","5","4","1","5","1","2","1","3","1","5","5","4","3","4","5","1","5","1","2","1","2","6","3","2","4","3","4","Data Analyst","45+ ","10 months",NA,1
"30","434","5","2","5","3","5","3","5","4","4","5","5","2","3","2","5","1","5","4","5","4","5","5","5","6","3","3","2","3","5","5","5","5","2","2","5","2","Director of Learning Measurement & Analytics","50","14","reverse scored items are a pain to answer, I know it's good psychometrically, but in the business world I never use them because people mess them up and it makes data analysis harder than it has to be. ",1
"33","531","4","4","5","3","5","4","5","4","6","5","6","6","4","4","5","5","4","6","6","3","6","5","6","5","2","4","4","5","6","6","2","5","3","4","5","4","Sr. Program Manager","45-50","3 years","The environment changed from in the office to working from home due to COVID, but my answers are the same in either case.",1
"36","307","1","6","5","2","3","2","5","6","2","5","5","4","6","4","5","2","3","4","5","3","6","6","1","5","5","6","2","2","4","1","5","2","3","6","4","6","Technical Support Specialist","40","3 years",NA,1
"37","4287","4","3","3","4","5","4","5","2","6","6","6","6","2","2","5","2","5","5","5","4","5","6","5","5","3","4","3","2","5","4","4","5","4","4","5","4","Organization Development Consultant","40","5","IMO, challenges of wfh, generalized anxiety around COVID, and racial unrest, are going to impact burnout, engagement, etc., even if someone typically feels engaged and committed to their job. Might result in some funky responses to various items.",1
"47","285","1","6","5","2","4","2","6","5","4","6","5","4","6","5","4","2","4","4","6","4","5","5","4","5","5","6","3","2","2","4","6","6","2","6","5","6","Survey Specialist","45","2 years","No",1
"51","2043","4","3","6","6","5","6","6","3","6","6","6","6","6","3","4","3","6","6","6","5","6","6","6","6","5","1","3","6","6","6","1","6","4","3","6","3","Account Executive ","50","2 years",NA,1
"52","372","4","4","5","4","4","5","4","2","6","6","6","5","6","3","5","3","5","5","5","5","6","5","5","6","3","2","2","5","5","5","1","6","5","4","5","4","Vice President","40-50","12 years","Johno is a horrible trombone player",1
"55","274","2","4","6","4","5","5","6","6","6","6","6","6","5","4","5","6","4","5","6","5","6","6","6","6","6","3","2","5","6","6","1","6","6","2","5","2","Vocational Rehabilitation Counselor","40","3+ years","This job is incredibly draining, but worthwhile, I would consider draining a negative, it will always be a part of counseling people in challenging situations",1
"57","472","1","5","4","2","4","2","4","4","4","4","5","5","3","5","6","3","3","5","5","5","5","3","6","5","5","5","3","5","5","4","4","5","5","3","5","3","Business specialist","35","1.5 years",NA,1
"61","274","4","4","5","3","5","3","5","2","5","5","5","5","5","4","5","4","5","5","5","3","5","5","5","5","4","2","2","5","5","5","2","5","4","3","5","3","CFO","45","5 years",NA,1
"65","220","2","6","5","5","6","4","6","2","6","6","6","6","6","6","6","6","6","6","6","6","6","6","6","6","5","5","2","5","6","6","2","6","6","4","4","4","Research Assistant","35-40 hrs","A bit over a year",NA,1
"67","392","5","4","5","3","5","5","6","3","5","4","6","5","4","5","5","3","4","5","5","5","6","5","5","5","3","2","4","3","4","4","3","3","4","6","4","6","Senior Analyst","45","5 years","My immediate team members are generally kind, generous and supportive with each other, which helps my manage frustrations with other parts of the organization.",1
"77","202","5","5","6","4","5","5","4","5","5","5","5","5","3","4","4","2","3","5","5","4","6","5","6","4","3","3",NA,"4","5","3","3","4","3","4","4","4","Analyst","40","1 year",NA,1
"80","312","2","5","5","3","4","3","5","4","6","2","5","4","5","4","5","3","6","4","5","5","4","5","5","4","3","4","3","3","4","5","5","5","2","5","4","4","HR Talent Planning and Assessment Analyst","45","3 years",NA,1
"84","339","5","2","5","4","5","5","6","4","5","5","6","6","6","2","4","2","5","4","5","2","5","5","6","5","3","1","4","5","4","4","1","4","5","5","6","6","College Professor","50-60","20 years",NA,1
"90","194","2","5","5","4","5","5","5","4","5","5","5","4","2","5","5","4","3","5","5","4","4","5","5","5","5","4","3","5","4","4","4","5","5","2","4","2","Tax accountant","45","1.5 years",NA,1
"97","980","2","3","5","3","4","4","5","2","5","4","5","4","5","4","2","2","5","5","6","4","5","6","5","5","3","2","2","4","4","3","4","4","2","2","5","2",NA,NA,NA,NA,1
"100","388","4","6","4","1","5","1","1","6","5","4","5","5","2","2","3","2","5","5","5","3","5","4","4","3","3","6","1","2","2","2","5","4","3","1","1","2","High school teacher","45","8 years",":)",1
"103","407","2","5","4","5","5","4","4","3","5","4","5","5","5","2","2","4","3","3","5","3","5","4","5","4","4","4","2","3","5","5","2","4","5","2","5","2","Funeral Home Represenative","40","2 years","The 2 questions that followed each other about mentally detaching from work seemed repetitive. It seemed to be asking the same question.",1
"105","151","2","6","4","2","3","2","2","2","4","5","2","2","3","2","5","2","3","2","5","4","4","4","5","5","4","2","4","4","2","2","5","2","3","1","2","1","Teaching Assistant ","it varies ","just this semester ","sorry, some of these questions weren't really applicable to my job! ",1
"110","1069","1","6","4","1","4","1","2","5","4","2","5","3","2","2","5","2","5","4","5","3","5","5","2","4","2","6","2","3","1","2","6","3","2","1","2","1","Sr hr secretary","50","4 years ","None",1
"111","332","1","6","5","1","1","1","6","4","1","6","4","1","2","2","6","2","6","6","6","5","4","6","4","4","3","6","1","4","1","2","5","1","2","5","1","6","Customer Service","40","2 years",NA,1
"115","296","3",NA,NA,"5","4","4","3","4","5","1","4","5","4",NA,NA,"3",NA,"5","5","1","5","3","5","6","5","3","5","4","1","4","1","5","4","5","4","5","Teaching Assistant ","30","4 years",NA,1
"120","480","2","4","5","4","5","5","6","4","6","6","6","6","5","5","3","3","5","5","6","5","6","5","5","5","3","4","2","3","5","5","2","5","2","5","5","5","Contract Specialist","40","1 year 1 month","I’m working from home due to covid with 3 school aged kids. Some of my answers are influenced by my current work environment. Also, my husband is active duty military and I answered questions the best I could regarding longevity. That is a privilege I gave up marrying into the military.",1
"125","256","5","4","4","5","6","5","6","4","6","6","6","6","5","6","2","3","5","5","6","5","6","6","6","6","3","2","3","4","6","6","1","6","4","4","5","3","Academic director","40-60","5 years",NA,1
"130","378","3","5","5","4","5","5","4","4","4","4","5","4","5","4","5","4","5","5","5","5","5","5","5","4","5","4","5","4","3","3","4","4","4","3","5","3","SALES","44","15YEARS",NA,1
"135","246","3","4","4","3","3","3","3","5","5","3","5","4","5","4","5","4","4","4","5","4","5","5","4","5","5","4","2","5","4","2","4","5","5","5","4","5","HRBP","45-50","3.5","Seems highly sensitive to COVID and working from home restrictions",1
"138","340","2","4","5","1","5","1","6","6","5","2","2","2","5","6","5","2","5","4","5","2","2","5","5","3","4","5","3","3","3","1","6","1","3","5","3","4","HR Systems Analyst III (AKA Learning Systems Administrator)","at least 40","20 years","While I'm dissatisfied in my current role, the overall organization is good to work for.",1
"141","260","5","5","5","5","5","5","5","2","6","6","6","6","6","2","6","3","5","5","6","5","6","6","6","6","2","4","5","5","6","6","1","6",NA,"2","5","2","Clinical psychologist ","40","15 years",NA,1
"144","336","3","6","4","3","4","2","4","2","6","4","5","6","4","2","4","2","5","4","5","5","5","4","5","5","1","1","3","6","3","6","3","5","2","3","5","3","Field Manager","40","8 months",NA,1
"148","368","4","5","5","3","5","4","6","6","5","2","6","5","4","3","5","3","5","5","6","4","6","6","5","4","5","4","4","2","2","2","4","2","5","2","5","2","Director hospice admissions ","45","2 years ",NA,1
"151","285","3","5","5","4","5","4","5","3","5","6","4","5","6","5","5","5","6","5","6","5","5","6","5","5","5","4","5","5","4","3","3","4","4","6","5","6","Buyer","45","12.5 years ","Oftentimes it’s what you make of the job that makes things work ",1
"158","198","1","6","5","1","5","1","5",NA,"4","3","1","1","5","5","6","4","5","5","6","5","5","6","5","5","5","5","1","3","4","1","5","3","5","2","3","4","Service Delivery Advisor","20","15 years","No",1
"167","443","1","6","4","3","3","2","4","4","1","4","6","4","3","4","2","1","3","5","4","4","6","6","2","5","1","4","4","2","2","1","6","2","1","2","2","2","Director of Analytics ","40","7 years ","While I like what I do and the relationships I’ve built at my job, the organization often does not do right by its employees. It will be a stain on my resume when I finally leave. ",1
"175","286","2","5","6","2","3","2","2","6","3","3","4","2","4","3","6","5","2","4","6","4","5","4","5","5","5","5","5","2","5","4","6","1","5","2","2","2","Admissions Counselor","20","1.5 years",NA,1
"180","381","5","4","6","5","5","6","6","2","6",NA,"6","6","5","4","3","2","5","6","6","4","6","6","6","6","4","2","5","4","6","6","1","6","4","4","5","4","Consultant/Coach","50","5 years","I'm actually self-employedand have my own practice",1
"183","355","3","3","5","4","5","5","4","2","4","1","5","4","4","3","5","5","4","4","5","5","5","4","5","2","6","4","2","5","5","3","4","4","5","2","5","2","Export manager","9","7 years",NA,1
"187","408","3","3","5","4","5","5","5","3","5","5","5","5","5","3","4","3","5","4","6","4","5","6","5","5","5","2","2","5","5","6","3","5","3","5","5","4","Data Analyst","50","3.5 years ","NA option may be appropriate in a few places. ",1
"190","209","2","4","4","3","5","3","5","2","5","4","5","5","4","3","5","2","6","5","5","5","5","4","5","5","4","2","4","5","5","6","2","4","2","2","4","2","Senior Digital Advertising Copywriter","40","3 months",NA,1
"197","343","3","5","4","5","4","5","5","5","5","3","6","6","4","3","4","2","6","5","6","6","5","5","6","5","5","4","2","4","5","5","3","5","2","2","6","2","Montclair university ","40","4 semesters ",NA,1
"201","297","2","5","5","3","4","3","5","6","4","4","6","4","6","6","6","5","6","5","6","6","6","6","5","2","6","6","4","5","3","3","4","5","6","6","6","6","School Supervisor ","55","15 years",NA,1
"202","447","1","4","6","5","5","4","5","2","5","5","5","5","6","4","5","4","5","5","6","5","6","6","5","6","5","3","2","5","4","6","4","6","5","4","6","2","Salesforce administrator ","50","<1 year",NA,1
"208","325","4","4","6","3","5","5","6","4","1","5","6","5","6","6","5","3","1","6","6","5","6","6","1","4","5","4","4","5","1","1","6","1","2","2","2","2","Doctor","80","2 years",NA,1
"211","243","3","4","4","2","4","4","3","2","5","6","5","6","2","3","5","4","3","6","5","3","5","5","5","5","3","2","4","3","4","4","2","5","4","3","4","2","Hospital tech support technician","42","3 years",NA,1
"214","380","2","5","4","3","5","4","4","3","3","5","5","4","5","4","5","2","5","5","6","5","4","4","4","5","4","4","2","4","5","4","2","4","4","1","5","2","Price Analyst","40-45","38 years","Retired now for 4 years. ",1
"217","253","6","4","6","6","6","6","6","1","6","6","6","6","6","2","5","2","6","6","6","3","6","6","6","6","6","2","5","4","6","6","1","6","5","2","6","2","Human Resources NCO","40","9 years","NA",1
"232","258",NA,NA,NA,NA,NA,NA,NA,NA,NA,NA,NA,NA,NA,NA,NA,NA,"4","4","5","4",NA,NA,NA,NA,"4","6","3","1","2","4","4","4","6","5","4","5",NA,NA,NA,NA,1
"244","166","1","4","3","1","3","3","3","4","4","2","4","4","6","5","3","1","4","4","4","3","4","4","4","2","4","3","3","3","4","3","5","3","2","6","5","6","Analyst","45","2 years",NA,1
"255","256","5","2","6","5","6","5","5","1","6","5","5","5","4","2","6","6","5","6","5","6","5","5","6","6","5","1","3","5","6","6","1","4","6","1","5","2","Finance Project Manager","40","1 year",NA,1
"257","183","5","2","6","5","6","5","6","4","6","3","6","6","6","6","5","2","5","5","6","3","6","5","5","5","5","4","6","3","6","5","2","5","2","6","6","5",NA,NA,NA,NA,1
"258","75",NA,NA,NA,NA,NA,NA,NA,NA,NA,NA,NA,NA,NA,NA,NA,NA,"4","3","6","2",NA,NA,NA,NA,NA,NA,NA,NA,NA,NA,NA,NA,NA,NA,NA,NA,NA,NA,NA,NA,1
"278","233","3","6","6","3","6","3","5","4","5","4","6","6","2","5","6","6","3","6","4","1","6","6","6","4","4","6","6","3","1","4","4","4","6","6","6","6","Athletic coach","6-9","A year",NA,1
"282","348","2","5","2","2","4","2","4","5","3","2","2","5","4","2","5","5","5","5","6","5","5","4","4","4","5","2","3","4","1","1","6","2","5","2","4","2","Teacher’s Assistant","34-38","2.5 months",NA,1
"4","303","2","5","5","3","4","2","3","4","4",NA,"3","4","4","2","1","2","4","2","3","2","4","5","2","3","2","4","4","2","1","3","5","4","3","4","4","5","professor","50","1.5 years",NA,2
"7","230","4","5","2","4","4","2","5","5","5","5","6","5","6","2","6","6","6","5","6","3","5","6","5","5","5","3","2","5","2","4","4","4","5","5","5","5","psychology extern","10-16","3 years",NA,2
"11","170","1","6","5","3","4","2","5","6","5","5","5","4","4","3","6","5","4","4","5","3","5","4","6","5","4","5","3","4","2","3","6","4","5","4","5","4","Store Manager ","30-40","3 years",NA,2
"16","207","1","5","4","4","5","4","6","2","6","6","6","6","6","5","5","4","6","5","6","5","6","6","6","6","5","2","3","6","6","6","1","6","5","4","5","4","Talent acquisition manager","40/50","2 years",NA,2
"18","323","2","6","3","3","2","2","2","4","5","6","5","4","3","2","3","2","1","4","4","1","4","5","4","6","1","5","1","3","2","2","6","2","1","3","5","2","Management Consultant","45","1.5 years","I am proud of my job because of others’ perceptions of it - not because I enjoy the actual work I do.",2
"20","289","2","5","2","4","4","4","2","4","5","3","6","5","6","4","5","5","5","5","6","3","5","4","6","6","5","3","4","5","1","2","2","5","5","4","4","4","Barista","25","3 months",NA,2
"26","215","4","3","6","5","5","5","6","2","5","6","6","4","5","4","3","2","4","5","6","5","6","5","5","4","5","2","5","5","3","5","5","6","4","6","6","6","Senior Analyst","30","Over a year","There were two questions back-to-back that seemed redundant. I think it was asking about mentally being drained from work...I think. ",2
"29","226","2","4","4","3","4","3","3","4","5","5","4","4","3","2","4","3","3","4","5","4","5","4","4","4","2","4","2","3","4","4","4","3","3","3","4","3","UX designer","40","1 year",NA,2
"39","684","3","6","5","5","3","5","2","3","4","6","4","5","5","4","5","6","4","3","6",NA,"4","6","5","5","6","5","4","5","5","6","4","5","4","4","5","3",NA,NA,NA,NA,2
"42","357","3","5","5","5","6","5","5","2","5","4","6","6","5","4","5","4","5","6","6","5","6","6","5","3","6","2","2","6","5","4","3","5","4","3","6","1","Operations Manager","50-60","3 years",NA,2
"44","425","4","5","5","5","5","4","3","5","4","2","3","5","3","5","5","4","5","3","6","5","5","5","4","4","5","3","2","3","5","3","4","5","4","3","5","3","Pharmacist ","20","18",NA,2
"45","290","1","4","4","3","4","3","3","3","2","6","4","3","3","1","6","2","3","4","4","4","5","4","4","5","2","4","3","2","2","3","6","3","2","2","2","1","Research Analyst","40","3 years",NA,2
"50","248","4","3","6","4","5","4","3","5","4","3","4","4","5","4","5","3","4","4","5","3","4","4","4","4","4","3","4","5","3","3","4","3","5","3","6","3","Accountant","32","1 year",NA,2
"56","341","1","5","4","2","3","2","5","4","5","4","5","6","6","5","3","2","3","5","6","3","5","5","5","5","4","5","2","2","5","3","4","4","1","5","2","5","Health program manager","45","5 years","The responses are affected by the current pandemic situation. The demands of home vs healthcare work life are pinwheeling. ",2
"58","355","2","3","5","4","5","4","5","5","4","5","5","5","5","1","5","3","5","5","6","4","5","5","3","3","5","3","5","4","4","4","4","5","4","2","5","2","Teacher","40","10 years",NA,2
"62","1701","2","5","4","2","3","2","2","3","4","5","3","2","2","2","5","2","1","3","5","2","5","5","5","5","2","3","2","3","1","4","4","2","1","2","4","2","Administrative Assistant","16","No longer with the organization, was there for a year and a half.",NA,2
"64","190","1","6","5","3","6","3","6","3","5","6","5","6","2","1","6","6","5","4","6","4","5","6","4","6","6","4","6","6","3","4","4","4","6","1","5","1","Patient Service Representative ","40","a month",NA,2
"70","450","5","2","5","4","6","5","6","1","6","6","6","6","6","6","5","4","6","5","6","4","6","6","6","6","6","1","5","5","6","6","1","6","6","5","6","5","Managing Partner","60","16 years",NA,2
"72","133","3","6","4","3","4","3","5","5","4","4","4","4","5","5","6","4","5","4","5","3","4","5","4","5","5","4","5","4","3","4","4","4","5","5","6","5","OCD Specialist","40","4 years",NA,2
"76","130","2","5","4","5","5","5","5","4","5","2","5","3","5","2","5","2","5","6","5","5","5","5","5","5","4","3","4","5","6","5","4","5","5","6","5","4","Associate","50","2 years",NA,2
"78","308","3","2","6","1","4","4","6","6","4","5","4","5","6","2","2","2","6","6","6","5","5","5","3","3","2","2","5","3","3","5","4","4","2","6","4","6","Director for Civic Learning","50","9 years",NA,2
"83","308","4","3","4","4","5","4","6","2","6","5","6","6","6","5","3","3","4","6","6","5","6","4","5","5","3","3","4","3","5","4","2","4","2","4","5","4","Professor ","50","11 years",NA,2
"86","298","3","4","6","5","6","5","6","2","6","6","6","6","3","1","2","1","5","6","6","6","6","6","6","5","4","2","5","5","6","6","2","6","2","4","5","4","Vice President ","45","8 years","NA",2
"92","539","4","5","5","4","5","3","5","2","5","5","5","5","5","5","5","3","5","5","5","5","5","5","5","5","4","2","3","4","5","5","3","5","4","2","5","2","Associate","40-60","9 months","I think most of my responses are also impacted by external factors... I love my job, but 2020 has made it very difficult to be excited or invested in anything.",2
"93","218","2","6","5","3","3","4","3","3","4","6","4","4","4","1","3","3","4","4","6","4","4","5","4","6","4","3","2","5","1","4","5","3","4","1","6","2",NA,NA,NA,NA,2
"96","209","3","4","5","4","4","4","4","3","5","3","5","5","5","2","5","3","5","5","5","4","5","4","5","3","4","4","3","5","5","2","4","3","4","3","5","3","Parent Liaison","20","4 years",NA,2
"99","298","1","6","5","2","2","1","2","1","1","1","2","1","1","1","3","1","1","1","1","1","3","2","1","1","1","6","1","1","3","2","6","2","1","5","2","6","Sales ","45-50","3 yeats",NA,2
"104","184","2","6","4","4","5","4","5","6","5","5","5","5","5","6","5","2","4","5","5","4","5","6","5","4","3","5","3","3","5","5","4","5","3","4","4","4","Escrow Officer","40-50","4 1/2 years ",NA,2
"106","143","5","5","5","4","4","4","5","4","6","6","6","5","5","3","5","5","5","6","5","5","6","5","6","5","2","4","4","4","5","6","3","5","5","4","5","3",NA,"50",NA,NA,2
"114","228","3","3","6","3","5","4","6","4","6","6","6","6","6","6","4","3","5","6","6","3","5","5","5","5","5","5","4","3","5","5","2","5","3","4","5","4","Data Journalist","50-60","1.5 Years",NA,2
"117","2092","2","1","5","3","4","2","2","6","4","1","4","2","4","2","2","4","2","2","6","4","4","4","3","2","2","5","5","2","1","4","5","2","3","5","2","6","Business Psychologist","45 hours","4 years.","No.",2
"122","172","4","3","6","5","5","5","6","4","2","6","6","5","5","5","6","2","4","5","6","2","6","6","5","5","5","3","5","6","4","2","6","4","4","6","6","6","Director of Engagement","45 hours","3 years",NA,2
"124","362","4","3","4","4","5","4","5","4","6","6","6","6","4","4","5","3","5","5","6","4","5","6","6","6","4","2","3","4","6","6","2","5","4","4","5","4","Fire and Police Exams Analyst","40","4 months",NA,2
"127","218","4","4","5","4","5","5","5","4","4","3","4","4","4","6","5","4","3","5","5","3","5","5","4","2","4","2","4","4","2","3","6","4","3","3","4","3","Team Leader","30","3 years",NA,2
"128","213","2","5","5","3","5","4","5","3","5","6","6","5","5","5","5","2","4","5","5","4","4","4","4","5","4","5","4","5","1","4","5","4","5","4","4","4","Director of Special Events","6","6 months ",NA,2
"134","219","2","4","4","3","5","3","4","3","3","2","4","4","4","2","4","3","4","3","5","4","5","5","3","4","4","3","2","4","3","4","4","4","3","5","4","4","Program Manager","40","3 years",NA,2
"139","234","3","4","6","4","5","5","5","2","5","4","6","4","6","6","3","3","5","6","6","6","6","6","5","4","5","2","6","5","2","4","2","4","4","4","6","4","Director of Operations","45","6.5 years",NA,2
"145","342","4","5","3","4","5","4","6","4","5","2","6","5","5","6","4","3","4","6","6","5","6","5","5","3","5","4","5","5","5","3","4","2","3","4","5","4","NJ Certified Animal Control Officef","45+","17years",NA,2
"154","257","5","5","4","4","4","3","4","3","5","5","4","4","4","3","3","2","3","4","4","3","5","5","5","4","3","3","2","3","5","5","3","5","3","2","3","2","Recruiter","45","1yr","I generally have a hard time focusing and staying focused; I think it's less about the work I'm doing and more about who I am as a person. I also do a lot of independent work when I tend to thrive better in a group environment.",2
"157","233","3","5","6","6","5","5","5","3","6",NA,"6","5","4","3","6","2","5","4","5","5","5","5","5","5","3","4","4","5","4","3","2","5","5","4","5","4","Special Agent","50","21 years",NA,2
"160","366","2","2","6","5","5","6","5","4","6","6","6","6","5","5","6","6","5","6","6","6",NA,"6","6","6","5","3","3","5","5",NA,"2","6",NA,"3","6","2","Assistant Manager ","60","14 years","We kill Covid19 ",2
"163","361","3","6","4","2","4","4","4","5","5","5","4","4","5","5","6","4","4","5","5","4","5","5","5","5","4","4","2","4","2","4","4","4","2","4","4","4","Transportation","40","3 years",NA,2
"168","495","1","4","6","1","5","2","4","4","5","5","5","6","4","1","2","4","5","6","4","5","5","4","5","5","3","4","4","4",NA,"2","4",NA,"2","3","4","3","Secretart","15","7 years",NA,2
"169","332","1","5","6","1","5","1","6","5","1","6","6","5","5","1","1","1","1","1","2","2","6","6","1","6","1","6","1","1","1","1","6","1","1","1","1","1","Technical assistant ","20","1 year","Worst team",2
"171","260","4","6","4","5","6","5","5","4","5","4","5","4","6","6","6","5","6","5","5","5","6","5","5","4","5","4","5","5","5","3","2","5","4","3","6","3","Sales","46","17 years","No",2
"172","226","6","6","6","5","5","6","6","3","6","6","5","4","6","6","5","3","5","5","6","5","5","6","6","5","5","4","3","3","5","4","1","4","2","6","5","6","Front End Team Member","30","2.5 years","None",2
"179","239","4","4","5","5","5","6","6","6","6","6","6","6","6","3","5","5","5","6","6","5","5","6","6","5","5","4","2","6","6","5","1","6","4","5","5","6","Kindergarten teacher","60","33 years",NA,2
"185","601","3","5","5","2","5","2","4","4","5","5","5","6","3","4","5","1","5","4","6","4","6","6","5","3","5","2","4","5","5","5","3","6","6","6","5","6","RN Level IV Specialty Nurse Care Coordinator","40","32 years ","No other nurse has the same clinical and program development responsibilities in our institution",2
"189","394","1","6","6","1","5","1","3","5","4","1","5","3","6","1","6","3","6","4","5","5","4","6","6","6","6","6","1","3","4","1","5","2","6","4","6","4","Retail Sales Rep","40","11 years",NA,2
"192","270","3","4","4","4","5","4","4","2","5","5","4","5","4","5","5","4","5","5","5","4","5","4","5","5","3","2","2","3","5","5","2","5","3","5","4","4","Director of accounting and HR","50+","9 yrs",NA,2
"195","316","3","5","4","2","2","2","2","5","3","4","2","4","4","3","3","2","4","2","5","4","5","5","2","4","4","4","2","4","1","2","5","2","5","4","5","4","Pharmacy technician ","15","Less than a year","Many people might complain about not having a neutral point but I think the lack of one really made me decide how I felt",2
"199","211","3","4","3","3","4","3","4","4","5","5","5","4","2","3","5","1","4","3","4","3","5","5","4","5","3","3","5","4","4","4","2","3","2","2","4","2","Graduate Assistant","20","A few months in this role, two years in this organization",NA,2
"205","295","4","4","3","1","3","3","5","4","4","5","5","5","3","2","3","2","5","5","5","3","6","5","5","3","4","3","3","2","6","5","2","4","4","5","3","2","teacher","50","3 years",NA,2
"213","265","4","4","6","4","4","3","6","5","5","6","4","4","6","4","4","1","6","6","6","3","5","4","1","3","5","5","4","3","4","4","4","4","4","6","6","6","Senior Analyst","40-50","Year and a half ","The pandemic has majorly shifted how I approach my workday. I would say that before I may have answered these questions differently ",2
"219","246","2","5","6","2","5","2","5","6","1","1","5","3","6","6","3","4","5","6","6","4","6","5","1","1","5","2","4","4","2","1","6","1","5","2","6","2","Director","60","1 year",NA,2
"226","57","1","5","3","1",NA,NA,NA,NA,NA,NA,NA,NA,"3","3","4","3",NA,NA,NA,NA,NA,NA,NA,NA,NA,NA,NA,NA,NA,NA,NA,NA,"4","3","5","3",NA,NA,NA,NA,2
"238","240","3","3","5","4","5","5","4","4","5","6","5","4","4","4","5","5","5","4","5","3","5","5","4","4","5","4","3","5","2","4","5","5","4","5","5","5","School Counselor","40","2.5 years","No",2
"240","126","5","5","4","5","5","5","5","5",NA,NA,NA,NA,"5","5","4","5","5","5","5","5",NA,NA,NA,NA,"5","4","5","5",NA,NA,NA,NA,"4","5","5","5",NA,NA,NA,NA,2
"249","169",NA,NA,NA,NA,"3","5",NA,"1",NA,NA,NA,NA,NA,NA,NA,NA,"3","5","6","2",NA,NA,NA,NA,"2","2","5","5",NA,NA,NA,NA,NA,NA,NA,NA,NA,NA,NA,NA,2
"259","216","3","4","3","3","3","4","2","4","4","3","4","4","4","3","3","3","3","3","5","3","3","3","3","4","3","2","4","5","3","3","4","4","3","3","2","4","Sales associate ","35 ","Less than a year","Better communication ",2
"268","459","4","4","4","5","5","5","5","2","5","5","5","5","2","2","5","5","5","5","5","2","5","5","5","5","4","2","2","5","5","5","2","5","5","4","5","4","Spiritual Director","7","I am self employed ","I used to work for the church and my answers would have been different then. ",2
"5","1237","6","2","6","6","6","6","4","3","3","4","5","5","6","3","3","2","4","6","6","4","5","5","2","1","4","1","6","6","2","1","4","2","4","6","6","5",NA,NA,NA,NA,3
"10","531","1","6","5","2","3","1","5","5","5","5","6","3","6","4","6","5","4","3","6","4","4","4","5","6","4","5","2","3","5","4","6","3","5","6","4","6","Online Banking Service and Support","45","8 years",NA,3
"15","270","5","5","5","6","5","5","5","4","6","5","6","6","5","2","5","3","5","4","5","4","6","5","5","5","5","2","4","6","6","5","1","5","5","4","6","3","Special Agent - criminal investigator","60","15 years",NA,3
"21","259","1","6","5","2","4","3","5","5","3","5","5","3","4","3","5","3","5","4","5","5","5","5","4","2","5","5","3","5","2","2","6","4","4","5","4","6","Assistant manager","55","12 years",NA,3
"22","3236","4","3","5","5","5","5","6","2","6","6","6","6","3","4","5","5","5","6","6","5","6","6","5","5","5","2","5","5","5","6","2","6","5","3","6","4","Senior Research Scientist, Talent Assessment and Analytics","45","2.5 years",NA,3
"24","253","5","3","6","4","5","5","6","4","6","6","6","6","5","3","6","3","5","5","6","5","6","6","6","5","5","4","3","6","6","6","5","5","1","6","6","6","School psychologist ","45","20 years","Love my job, I’ve done it long enough that it has lost the challenges I enjoyed. I have also become proficient enough that I have gotten lazy about it.  That is bad.",3
"31","270","5","4","5","3","5","4","5","4","6","6","5","4","3","6","5","2","3","5","6","5","5","6","5","5","2","2","2","4","4","4","5","3","2","4","3","5","Executive Assistant and office manager","6","2.5 years",NA,3
"34","238","5","6","6","3","6","3","6","6","3","4","5","6","4","5","5","4","6","4","6","3","6","5","3","4","4","4","3","5","5","2","4","2","6","6","6","6","Professor","45","17","Nice work!!! We need a good engagement scale.",3
"35","378","2","3","5","4","4","4","5","3","4","4","5","4","4","3","3","3","6","5","5","4","5","5","4","2","3","3","5","4","5","2","4","3","3","2","5","3","Sales Manager","35","10 years",NA,3
"41","238","2","5","5","5","6","5","5","5","5","4","6","6","6","6","3","4","6",NA,"6","6","6","6","6","3","6","4","5","5",NA,"3","3","6","1","5","6","6","Management","65","20 years","Na",3
"46","302","1","4","2","3","4","5","5","2","6","5","6","5","4","5","5","3","4","5","6","5","6","5","6","6","6","2","1","5","5","5","2","5","4","4","6","3","IT","40","6.5 years",NA,3
"48","355","5","4","3","3","5","3","4","5","4","5","5","5","5","3","4","3","4","5","5","4","5","5","5","4","3","5","2","3","5","5","3","4","3","5","3","5","Associate Professor","40","6 years","No",3
"54","314","4","4","5","4","5","2","2","3","5","2","4","4","5","2","5","2","4","5","5","5","4","4","6","6","2","2","5","2","5","4","2","4","5","2","3","2","Agile Scrum Master","9","1 year",NA,3
"59","377","2","3","4","2","5","3","5","4","5","5","5","4","4","4","2","2","5","5","6","5","5","5","5","5","5","3","2","5","5","5","2","5","4","4","5","5",NA,"55","10","N/A",3
"63","209","2","5","4","4","5","4","5","3","4","5","6","5","4","6","6","4","6","5","6","4","5","5","4","5","6","2","4","5","2","4","4","5","3","2","5","2","Compensation Consultant ","50","2 years",NA,3
"69","151","1","6","4","1","1","1","1","5","1","5","1","2","1","1","5","1","6","1","5","4","5","2","1","4","1","5","2","4","1","1","6","1","1","1","2","1","retail manager ","32","10 months ",NA,3
"71","308","4","5","4","4","5","4","4","4","6","4","5","6","4","5","5","3","6","5","6","4","4","4","6","5","5","2","3","5","4","4","4","5","5","2","4","3","Child Protection background screener","43","6 months",NA,3
"75","152","3","5","5","3","2","3","4","3","5","6","4","4","3","5","4","2","4","5","5","4","5","5","6","6","4","2","4","4","3","5","3","5","5","2","4","3","Associate Economist","40","4 months","Since I have only been here a short period of time, my experience with this company has been entirely virtual",3
"79","265","4","3","4","4","4","5","3","3","5","5","5","4","3","4","5","3","4","5","4","4","5","5","5","5","3","4","3","4","5","3","3","5","3","5","5","5","Operations Director","40","8 years","None at this time.",3
"82","190","4","3","6","4","5","5","5","2","5","5","5","5","4","5","4","2","5","5","6","2","5","5","5","5","3","3","2","3","5","6","2","5","2","3","3","4","Senior Associate","45","14 months",NA,3
"89","312","1","4","3","4","4","4","3","4","5","3","5","5","1","2","5","1","5","3","5","5","6","5","4","6","4","4","2","4","4","3","4","3","2","2","5","1","Behavior Analyst Program Assistant","40","4 years","Answers to these questions vary depending on the workload of the day and who I am working with. ",3
"94","221","1","6","6","1","6","1","6","6","4","6","4","5","6","6","5","6","6","6","6","6","5","6","5","6","6","6","6","6","1","4","6","4","6","3","6","2","Restaurant manager","40+","5 years",NA,3
"98","179","6","3","3","4","5","4","4","4","5","5","5","5","2","4","4","2","4","5","6","4","5","5","5","4","2","3","3","4","5","4","3","5","2","2","5","2","Industrial hygiene manager","40","6 years","No",3
"101","261","4","2","6","3","6","4","6","4","6","5","6","6","5","5","5","3","5","6","5","6","5","6","5","3","5","4","5","5","6","2","4","5","4","2","6","2","Management and Program Analyst","40","10 years","Trump has an impact on my scores. I AM A FEDERAL employee and politucs has a huge impact on us. Email me if you want to discuss more. Cpingor@gmail.com ",3
"108","307","2","5","5","4","4","4","5","4","6","5","5","4","5","6","5","3","4","5","5","5","6","5","5","5","4","4","2","4","3","4","4","5","5","3","4","3","Graphic Designer","40","1.5 years",NA,3
"113","274","2","5","5","4","4","4","4","2","5","5","5","5","2","2","4","2","4","6","6","5","5","5","5","5","4","3","2","5","5","5","4","5","3","2","3","2","Marketing Manager","40","2 years",NA,3
"116","248","2","5","3","4","5","4","3","5","4","5","5","5","4","6","5","3","3","4","5","3","5","3","4","5","4","4","3","3","5","4","3","4","4","2","4","2","Chemist ","49","17 years ","No",3
"121","334","4","2","5","4","5","4","5","2","6","6","5","5","2","3","5","3","4","6","5","4","6","5","6","5","4","2","5","5","5","5","2","4","4","4","5","3","Business psychologist","25","14 years","How this relates to the evolving state of working from home and gig-based careers...",3
"129","200","5","5","5","5","5","5","5","4","6","5","5","5","5","5","5","3","5","6","5","5","5","5","6","5","5","2","5","5","5","5","2","5","3","4","5","4","IT system admin","40","30 years",NA,3
"132","730","1","6","2","2","2","2","4","3","5","5","4","5","2","1","5","1","3","4","6","4","5","4","5","5","2","3","2","4","1","6",NA,"4","2","2","4","1","Talent Acquisition Consultant","15","2 months",NA,3
"137","278","4","5","5","4","4","4","5","3","5","3","5","4","4","4","5","2","5","5","5","3","5","4","4","3","4","3","5","4","4","5","4","5","4","6","4","6","cashier / night manager ","19","4 years","n/a",3
"140","282","1","5","5","3","4","2","4","4","5","6","5","2","3","1","5","5","5","3","5","5","5","5","3","5","5","4","4","3","1","1","5","2","5","1","6","1",NA,"40","3",NA,3
"143","342","2","4","5","5","6","5","6","2","6","6","6","6","6","6","5","3","5","6","6","6","6","5","6","6","5","2","6","5","5","6","1","6","5","3","6","2","Branch office administrator ","45","One year ",NA,3
"146","335","3","3","5","4","6","4","5","1","5","6","5","5","6","3","6","4","6","6","6","3","5","5","5","5","6","1","2","6","5","5","1","4","4","3","6","3","Floral designer","40","20 years",NA,3
"149","225","2","6","4","3","5","3","6","2","6","6","6","6","4","6","4","2","6","6","6","3","4","5","6","6","3","3","3","4","4","5","3","6","2","6","3","6","Assistant manage of people and org effectiveness ","40","2 months ",NA,3
"153","349","4","2","5","4","5","5","6","2","6","6","6","6","5","2","4","4","5","6","6","5","6","6","6","5","5","1","3","6","6","6","2","6","6","5","5","2","College Professor","60","40 years","Pay more attention to the vague boundarieis between work on site and work at home.  Much of my work is at home even before the pandemic.",3
"155","198","3","3","4","4","5","5","5","2","4","4","4","4","3","3","5","3","5","5","5","4","5","3","4","3","5","2","5","5","4","3","3","3","3","3","5","3","Manager","40","3 years ",NA,3
"159","955","6","6","5","1","1","1","6","6","4","6","6","5","6","6","5","6","6","5","6","6","6","6","4","1","6","5","2","5","3","2","6","6","6","6","6","6","Loan Closer/Servicer","12","1 year ",NA,3
"162","364","3","5","5","2","3","2","6","5","5","3","5","4","5","5","5","4","6","4","6","5","5","5","5","3","5","5","5","5","3","3","2","5","5","5","5","5","Global Chief Casualty Underwriting Officer","50","12 years","I am now retired and based on my answers on the last job I held",3
"164","138279","4","6","2","3","5","2","5","6","4","6","5","2","4","6","3","1","2","5","6","5","4","5","4","5","2","5","1","4","1","5","6","6","2","6","6","6","Researcher","80","3.5 years","As always, answers to these questions may be context specific or based on person's current mood. Tasks and projects may need to be defined since these may or may not be interchangeable for some people. Also, data may be skewed because of COVID. People may be drained by work or distracted during work because they are working from home or stressed about other things. ",3
"173","274","4","4","5","4","4","3","6","4","5","5","5","4","4","3","3","3","5","5","6","5","5","6","4","4","3","3","3","3","5","4","2","5","3","4","4","4","Sr. Organizational Development Consultant","55","2 years 3 months",NA,3
"177","264","2","2","4","4","5","5","4","3","5","3","6","5","3","3","3","2","5","4","5","5","5","3","5","5","3","2","3","4","5","4","1","3","5","2","5","2","Account Manager","30","10 years",NA,3
"178","395","4","5","4","1","4","1","4","6","2","2","4","2","3","4","2","2","6","5","5","4","4","3","4","4","4","6","1","1","3","1","6","3","1","4","4","4","Associate professor ","45","22 years","No",3
"182","248","4","4","4","3","4","4","4","2","5","4","4","6","3","2","4","1","2","5","5","3","5","5","5","4","4","3","2","3","4","4","2","3","3","4","5","4","Primary School Teacher","45","1 year",NA,3
"186","405","5","4","6","5","6","6","6","2","6","4","5","6","6","5","6","4","6","6","6","5","6","6","6","6","5","2","4","5","6","5","1","6","4","4","5","4","President ","60-80","31 years","Ask more self satisfaction questions.",3
"193","866","4","3","5","5","5","5","4","4","6","5","5","5","6","4","4","4","5","6","6","3","6","5","6","4","6","6","6","4","5","3","1","5","3","4","6","3","Management position","50-60","41 yrs","Give your employer 100% daily and enjoy what do.....",3
"196","280","2","5","4","2","4","2","4","4","4","5","4","4","4","1","4","3","2","5","4","5","5","4","5","4","4","3","1","5","4","5","5","2","4","2","4","2","Food service manager","15","16 years","It’s my family’s business ",3
"198","360","1","5","5","3","4","2","2","5","2","2","4","2","5","5","2","5","4","2","2","2","4","2","2","5","5","2","2","2","1","1","5","2","2","2","4","2","Instacart Shopper","30","Few months",NA,3
"204","546","4","4","5","3","5","4","5","2","5","5","5","5","6","6","2","4","6","5","6","3","5","6","5","4","6","4","6","5","6","4","4","5","3","6","5","5","Business Analyst ","Between 40 and 60 hours per week","35+ years ",NA,3
"207","437","6","4","5","3","5","4","5","2","6","6","5","6","4","5","5","2","4","6","6","5","5","5","6","5","5","2","3","5","4","5","4","5","5","2","6","2","Post processor","40","6 months","Well done!",3
"209","864","1","6","3","1","3","2","3","6","3","5","4","3","5","2","5","3","3","4","4","3","6","4","4","2","5","5","2","2","3","1","5","4","2","4","4","4","Teacher","40-50","4 yeads",NA,3
"216","211","2","5","2","1","2","1","2","6","1","1","5","1","5","5","5","2","2","2","5","4","5","5","2","2","2","6","2","2","1","1","6","2","2","5","1","5","Clinical coordinator","40","2.5 years",NA,3
"220","398","2","5","4","5","4","4","3","3","4","4","4","3","3","2","5","3","4","3","5","5","4","4","4","4","4","2","4","3","3","5","5","4","3","5","3","2","Hair Styling",NA,"30 yrs, different location's ","Good luck ",3
"231","269","4","3","2","4","4","4","3","2","2","1","5","1","5","2","6","2","5","4","6","2","4","5","3","5","3","2","1","5","1","1","6","4","3","5","4","5","Media Relations Director ","45","2 years",NA,3
"241","101",NA,NA,NA,NA,NA,NA,NA,NA,"3","3","4","5",NA,NA,NA,NA,NA,NA,NA,NA,"5","6","3","3",NA,NA,NA,NA,"5","3","3","4",NA,NA,NA,NA,NA,NA,NA,NA,3
"253","565","4","5","5","5","5","5","6","4","5","6","5","5","4","6",NA,"4","6","5","6","5","4","5","5","5","5","3","4","5","4","4","3","5","4","2","5","3","RN","40","4 years","No",3
"260","218","3","5","5","2","4","4","5","5","4","3","2","4","5","6","5","5","5","5","5","5","5","4","3","4","5","4","2","4","3","2","6","4","4","4","5","4","Store Manager ","40","2 years",NA,3
"264","490","5","2","5","5","5","5","5","4","6","4","5","5","5","3","3","2","5","5","5","5","5","4","6","4","4","2","6","5","5","4","4","5","2","5","6","6",NA,NA,NA,NA,3
"276","191","1","6","3","3","5","5","6","4",NA,NA,NA,NA,"6","5","2","6","4","6","6","5",NA,NA,NA,NA,"4","5","5","5",NA,NA,NA,NA,"3","4","4","2","Server ","25-30","3 years ",NA,3
"6","112",NA,NA,NA,NA,NA,NA,NA,NA,NA,NA,NA,NA,NA,NA,NA,NA,NA,NA,NA,NA,NA,NA,NA,NA,NA,NA,NA,NA,NA,NA,NA,NA,NA,NA,NA,"6",NA,NA,NA,NA,4
"9","240","4","5","5","5","5","4","5","2","5","6","5","5","6","6","5","3","5","5","6","3","5","5","6","5","4","4","3","4","5","6","2","4","3","5","4","5","Associate ","48","2 years ","I took this with perspective from my current job which has half taken place during a pandemic and working from home. That being said, normally I wouldn’t have responded that I had so many distractions but working from home is full of distractions and unusual circumstances. ",4
"12","264","4","5","4","4","4","3","4","5","3","5","3","4","6","5","2","2","4","4","4","4","4","5","3","3","4","4","3","4","4","5","4","6","2","4","5","5","Senior Consultant","60hr","3years",NA,4
"14","179","1","6","4","1","3","1","2","5","2","3","4","2","5","2","5","3","1","2","4","3","6","4","1","4","2","6","1","2","2","1","6","3","3","4","1","5","HR Specialist","45","4 years",NA,4
"19","1249","4","5","4","5","4","5","4","4","5","1","5","5","5","6","6","4","5","6","6","6","5","5","6","5","6","4","3","5","5","3","2","6","6","6","5","6","Legal Secretary","35","27",NA,4
"27","7247","2","6","6","5","5","5","5","4","5","4","5","5","5","6","6","5","5","6","6","6","5","6","6","3","5","2","3","6",NA,"2","4","5","5","2","5","2","Graduate Tutor","15","1.5 years",NA,4
"28","384","2","5","5","4","5","4","6","2","5","5","5","5","4","4","4","4","5","5","5","5","5","5","6","5","5","2","3","5","5","5","1","4","4","2","5","2","Cyber security ","45","4 years","Stay positive",4
"32","180","2","5","4","3","5","5","5","5","5","6","5","6","5","3","3","2","5","5","6","5","5","5","6","5","5","5","4","4","6","6","2","5","6","5","5","5","Psychologist","40","6 years",NA,4
"38","276","3","6","6","4","5","4","6","5","6","3","6","5","5","5","6","2","4","5","6","4","5","5","5","3","3","5","5","3","3","4","5","4","3","5","4","5","Executive Director","50","4 years",NA,4
"40","601","4","5","6","5","5","5","6","1","6","6","6","6","5","6","5","5","6","6","6","5","6","6","6","6","6","1","5","6","6","6","1","6","5","4","5","1","Post Closer","40-45","22 years",NA,4
"43","201","1","6","3","3","1","1","3","6","2","2","3","1","4","6","6","1","4","3","4","6","6","3","2","6","5","6","1","6","1","1","6","4","6","1","2","1","Internal wholsaler","50","1.7 years ",NA,4
"49","261","3","5","5","2","3","2","4","4","4","5","4","4","4","4","4","2","4","4","5","3","4","4","5","4","4","5","2","1","4","3","3","3","3","2","3","2","System Administrator","40","2 yr","I want more time to re-energize during the day. Even if that means laying down on resting. Being at work does not allow this and it is currently socially unacceptable but I feel after a rest I am more productive and focused on work. ",4
"53","173","6","3","4","1","3","2","4","3","5","3","4","5","6","4","4","1","4","4","6","3","4","4","4","3","3","5","2","4","5","4","4","4","3","6","4","6","Survey Data Analyst","45","1.5 years","Things were markedly differently before WFH",4
"60","445","3","5","4","4","5","4","4","4","5","5","5","4","4","4","5","5","5","5","5","5","5","5","5","5","6","4","6","5","3","5","5","5","5","3","6","3","Waitress","20","3.5 years",NA,4
"66","478","2","5","4","2","4","2","4","5","4","4","5","4","3","2","5","4","4","6","6","5","6","5","4","3","5","5","3","2","1","1","6","2","3","2","4","2","Recruiter","40","5 months","5 months",4
"68","15354","2","6","6","3","6","3","6","5","5","2","6","4","6","6","6","5","6","6","6","5","6","6","5","5","6","3","5","5","2","4","3","3","5","4","3","3","Recruiting Coordinator","40 ","7",NA,4
"73","180","5","3","6","4","5","6","5","2","6","5","6","5",NA,"3","5","3","5","6","6","4","6","6","6","5","4","2","5","5","6","6","2","6","3","2","5","1","Learning & Development Associate","15","6 months ",NA,4
"74","156","4","5","6","2","5","4","5","4","6","4","6","4","2","3","6","2","2","5","5","6","6","6","6","4","3","3","4","3","4","5","3","2","2","3","3","4","partner","50","1 year",NA,4
"81","331","3","6","4","6","6","6","5","5","5","3","6","6","1","5","6","3","5","6","6","6","5","6","6","6","6","3","6","6","1","6","6","6","3","6","1","6","NURSE PRACTITIONER ","30","1 month","0",4
"85","379","5","4","5","4","5","4","5","3","3","4","5","5","5","3","4","4","3","5","6","6","6","4","5","5","5","2","4","5","2","2","4","5","5","4","5","3","Massage Therapist","32","1.5 years","Some of these questions don't apply very well to many jobs. For instance, in most jobs I have been in, we just don't think in terms of ""projects"", and contributions to the success of the organization are purely in the form of help for the clients. ",4
"88","251","3","4","6","4","5","5","5","2","6","5","6","6","5","5","3","3","5","6","6","4","5","6","6","6","3","1","2","5","5","5","3","5","3","3","6","5","Director, Global Prescribing Information Management","48","7 years","N/A",4
"91","256","4","5","5","5","6","5","6","2","6","6","6","6","6",NA,"4","4","6","5","6","5","5","5","6","6","2","3","3","5","4","3","1","5","5","5","5","5","Key Holder at Volcom","15-20","5 months",NA,4
"95","263","3","4","4","3","5","4","4","5","6","4","6","5","5","3","4","4","6","5","5","3","5","5","6","6","4","4","4","4","4","5","3","4","3","5","3","6","Director","50","4 years",NA,4
"102","424","4","4","6","4","5","6","6","2","5","6","6","6","4","5","6","3","4","5","6","2","6","6","5","5","5","3","6","4","5","5","3","6","3","6","5","4","Parental Leave Specialist ","45","2.5 years ","If I were answering these questions 2 months ago before I switched roles within my organization, my answers would have been much different. I transitioned from a sales role to corporate and am so much happier now. I believe you must be passionate about your day to day tasks in order to stay motivated throughout the workday. I also strongly believe that you must “know where you stand” with your leadership and feel supported in order to be fully engaged throughout the day and make steps toward future career goals. I believe passion, purpose, and strong leadership make for a happy and healthy employee, physically, mentally and financially. ",4
"107","463","2","5","4","4","4","5","4","5","5","5","5","4","5","2","6","4","6","5","6","5","6","5","4","3","5","2","4","5","1","2","5","5","4","3","4","3","Forklift Driver","40","2 years","N/A",4
"109","320","4","4","6","4","5","5","6","3","6","5","6","5","6","6","6","3","5","6","6","5","5","4","6","4","5","2","3","4","4","5","3","4","4","4","4","5","Designer","41","2 years ",NA,4
"112","280","2","5","5","3","4","4","5","5","5","2","5","5","5","2","4","5","5","6","5","5","5","5","5","5","5","5","4","5","5","5","3","5","4","6","5","6","Deli manager ","50","12 years","None",4
"118","288","2","4","4","3","6","2","5","6","5","5","5","6","6","6","5","3","6","5","6","5",NA,"4","4","1","5","6","2","2","5","2","3","5","5","6","5","6","Certified veterinary technician","42","7 years",NA,4
"119","554","2","4","5","4","4","5","4","5","4","3","5","3","4","3","5","3","5","4","5","4","4","5","5","5","5","4","5","5","4","4","4","4","4","5","5","4","International Account Representative","48","8 months",NA,4
"123","275","5","3","6","4","5","5","6","2","5","5","5","5","4","2","5","3","5","5","6","3","5","5","6","5","4","2","4","5","6","5","2","4","4","5","5","4",NA,NA,NA,NA,4
"126","304","5","3","4","4","5","5","6","3","4","5","5","6","5","4","2","3","5","5","4","4","6","6","4","4","3","2","3","5","1","5","3","5","5","5","4","5","Research assistant / teaching assistant ","20-30","3 years ","The anchors sometimes get weird to interpret difference between slightly agree to agree. Might think of using a frequency scale. Especially if it’s general attitudes. ",4
"131","438","5","2","5","6","5","6","5","3","5","4","5","5","4","4","5","3","4","6","6","3","6","4","5","4","5","2","4","5","4","4","2","4","3","5","5","5","Assistant Professor","40","10 years","no",4
"133","305","1","5","4","4","4","4","4","4","4","5","5","4","5","2","5","2","4","4","6","2","4","4","4","4","2","5","4","2","4","5","5","4","2","2","5","2","Talent acquisition coordinator ","15","4 months ",NA,4
"136","216","4","2","5","5","5","5","4","2","4","5","5","5","5","3","5","3","5","5","5","4","5","6","5","2","5","2","4","5","4","2","1","2","5","2","5","2","Instructor","20","15 years","none",4
"142","396","4","4",NA,"5","4","3","5","4","4","3","4","5","5","1","5","5","5","4","5","5","5","5","6","4","4","3","2","4","5","1","3","4","5","5","4","5","Full professor","25","33 years ","No",4
"147","635","4","3","5","4","4","4","4","5","4","2","5","5","4","5","5","3","5","5","5","5","5","5","5","1","5","4","3","3","5","3","5","2","3","3","5","2","Itinerant Teacher of the Deaf or Hard of Hearing","37.5","30 years","There was a time when seniority was valued. Within my department it is not. The organization as a whole functions well for its size. There are many logistical challenges and data driven goals that have become more important than relationships with kids. I will always enjoy helping young people discover the joys of learning, regardless of what the data miners think is important. ",4
"150","470","5","4","6","5","5",NA,"6","2","5",NA,"6","6","6","6","5","5","5","6","6","5","5","6","6","6","5","2","3","6","5","5","2","5","5","4","6","4","University Software Analyst","35","23 years","Whichever career path uou you choose it should be stimulating and make you happy. If your kob conjures negative emotions you should consider a career change. ",4
"152","509","1","2","2","3","6","4","5","4","5","6","5",NA,"4","2","5","2","4","5","5","6","6","5","5","2","2","3","2","5","4","4","4","3","6","2","4","1","Education Program Manager","40","2 years",NA,4
"156","245","5","4","5","4","4","5","5","4","4","5","5","4","4","3","4","4","5","4","5","5","5","5","5","3","4","4","4","4","2","2","5","5","4","4","5","4","Talent Acquisition Coordinator","15","4 months","--",4
"161","277","6","5","6","6","6","6","6","2","6","4","6","6","6","5","5","6","6","6","6","6","6","6","6","6","6","1","5","6","5","5","1","6","6","5","6","6","Computer Scientist","80","35+ years",NA,4
"165","249","2","5","5","2","2","4","5","5","5","2","5","2","5","5","5","5","5","5","5","5","5","4","5","2","5","5","2","5","2","1","6","2","1","4","4","5","Concessions Supervisor","20","6 years",NA,4
"166","26372","6","6","6","6","6","6","6","3","6","6","6","6","5","3","5","5","6","6","4","5","6","5","6","6","6",NA,NA,"5","5","5","2","5","5","3","5","3","QA specialist","40","7 years","Company train very good to perforn tasks",4
"170","118","6","6",NA,"6","6","6","6","6","6","6","6","6","6","6","6","5","6","6","6","5","6","6","6","6","5","5","6","4","6","6","4","6","6","6","6","6","Teacher ","45","1 year",NA,4
"174","453","4","3","5","4","5","3","5","3","4","3","4","5","5","5","3","2","3","4","5","5","5","5","3","3","4","3","2","5",NA,"2","2","3","2","3","4","2","Sr Social Worker","40","3 years",NA,4
"176","2230","2","5","4","3","5","3","5","5","5","5","5","4","6","5","2","2","5","5","6","5","5","5","6","5","3","5","2","2","5","5","2","5","1","5","5","5","Wholesale Customer Service manager","50","2 yrs",NA,4
"181","137","2","3","3","3","5","3","5","5","5","4","5","5","5","4","4","2","3","5","6","3","5","4","5","4","4","5","5","4","5","5","5","3","4","5","5","5","Analyst","40+","Around 1 year",NA,4
"184","274","2","5","4","4","4","3","4","3","5","4","5","5","5","2","2","3","4","5","5","5","5","5","5","5","2","4","2","2","4","4","4","5","2","4","5","4","Director of major gifts","40","3 years",NA,4
"188","325","1","6","4","1","4","1","5","6","4","5","6","3","6","4","5","2","6","2","6","2","6","5","3","3","3","6","2","2","4","1","6","2","1","3","1","3","Personal Banker (Branch customer service rep)","45","10 years","An optional line below each question to type in some explanation could add some very valuable information",4
"191","416","4","4","4","4","5","5","4","3","5","4","5","5","4","4","3","3","5","5","5","5","5","4","5","5","5","2","5","5","4","4","1","4","5","3","5","3","Buyer","45",NA,NA,4
"194","641","4","5","5","5","5","5","6","6","5","5","6","5","6","6","5","6","6","6","6","5","6","6","6","2","6","6","5","5","5","5","2","6","5","6","6","6","Purchasing manager","55 to 60 hours per week","30 years","Upper management acceptance to the fact that everything can be done it just can’t be done at once. To be a realistic would be very helpful, and still be able to achieve new goals. And there’s also a life outside of work, to maintain your health and well-being.",4
"200","491","2","4","3","2","4","2","4","3","5","4","4","5","4","4","4","3","4","5","6","4","4","6","5","6","5","4","2","3","4","6","3","6","3","4","4","4","Junior business analyst ","42","2 months",NA,4
"203","1021","2","5","4","2","4","2","5","5","5","1","5","3","5","4","6","3","5","4","5","5","5","5","2","5","4","5","5","5","6","2","5","3","5","2","5","2","Engineering Technician ","40","7 years ","I like my employer and the work but not my supervisor. ",4
"206","223","3","6","5","4","5","5","5","5","6","5","5","4","6","6","6","6","6","6","6","3","6","5","5","5","6","5","5","5","6","5","4","5","4","6","5","6","Manager","45","6 years ",NA,4
"210","249","2","6","4","4","5","4","4","2","5","4","5","5","5","2","4","3","5","5","5","5","5","5","4","5","5","2","2","4","2","4","5","5","5","1","6","1","Human Resources Administrator","35","5","None. ",4
"215","378","5","1","6","6","6","6","6","4","6","4","6","6","6","6","6","3","6","6","6","6","6","6","3","3","6","1","1","5","6","6","4","6","3","6","6","6","COO","50","2 years","I have a a small part ownership in this company, and the majority owner is rarely around and gives no input so I am really my own supervisor and boss.  ",4
"221","767","6","5","5","5","5","5","5","6","5","4","6","6","6","2","4","4","5","5","6","5","6","6","6","5","5","3","4","5","6","5","5","6","5","5","6","5","Priest","30","3 years ","Survey did not address how to handle stressors at the job.",4
"228","64",NA,NA,NA,NA,NA,NA,NA,NA,NA,NA,NA,NA,"2","4","3","1","2","2","4","3","4","5","2","4",NA,NA,NA,NA,NA,NA,NA,NA,NA,NA,NA,NA,NA,NA,NA,NA,4
"230","418","2","4","3","3","3","3","5","4","5","5","5","4",NA,NA,NA,NA,NA,NA,NA,NA,NA,NA,NA,NA,"4","4","5","5","2","3","3","5","5","4","5","4",NA,NA,NA,NA,4
"234","177",NA,NA,NA,NA,NA,NA,NA,NA,NA,NA,NA,NA,NA,NA,NA,NA,NA,NA,NA,NA,NA,NA,NA,NA,"2","4","4","3","5","4","4","5","1","6","3","6",NA,NA,NA,NA,4
"246","248","5","4","5","3","5","4","5","4","5","6","6","6","4","3","3","2","4","5","4","3","6","6","5","4","1","3","3","3","3","6","6","5","2","4","4","4","Manager of Agency Advancement","Depends on deadlines, scheduled for 40, more is expected when needed","Nearly 4 years","Work isn't always the biggest factor in work decisions, work needs to fit into life.",4
"254","247","1","5","3","4","4","4","5","5","5","3","5","3","4","1","6","2","5","5","5","5","4","5","5","5","3","5","5","5","2","3","6","5","5","4","5","4","Industrial Designer","45","2 and a half years",NA,4
"256","351","4","5","6","4","5","4","3","6","5","5","5","6","3","3","6","4","4","4","6","3","5","4","5","5","4","4","3","5","4","4","4","4","5","6","5","6","Paramedic","50","4","First responders experience high levels of burnout, but also identify very strongly with their jobs. Makes for mixed feelings about the job. ",4
"272","102",NA,NA,NA,NA,NA,NA,NA,NA,NA,NA,NA,NA,"6","4","6","3","5","5","6","6","6","6","6","6",NA,NA,NA,NA,NA,NA,NA,NA,NA,NA,NA,NA,NA,NA,NA,NA,4
"275","305","5","2","6","6","6","6","6","1","6","6","6","6","6","3","5","3","6","6","6","6","5","6","6","5","5","1","4","6","5","6","1","6","2","4","6","4","Staff Accountant ","45","A year and 5 months","Great survey. Takes into consideration all aspects of job satisfaction ",4
"279","262","5","5","5","5","3","5","5","2","6","5","5","6","6","5","6","6","6","5","5","3","6","5","6","5","5","4","5","4","6","5","2","5","5","1","5","2","Respiratory therapist ","96","3 months ",NA,4
"283","299","2","4","4","4","4","5","4","3","4","4","5","4","4","2","6","3","3","5","5","4","5","3","5","5","3","2","4","5","3","4","2","4","4","3","5","2","Editor","48","Since March 2020",NA,4
"285","242","4","3","5","5","5","5","4","4","5","3","6","5","6","4","6","5","6","6","6","5","6","5","5","3","5","2","3","5","5","5","2","5","6","6","6","5",NA,NA,NA,NA,4
